,kpca__kernel,kpca__n_components,log_reg__kernel,kpca__gamma,kpca__degree,Accuracy,Fit_time
0,linear,100,rbf,,,0.8574096711253203,0.7326571464538574
1,linear,100,linear,,,0.797759702860904,0.617847490310669
2,linear,100,sigmoid,,,0.7361809163355979,0.6228384494781494
3,linear,300,rbf,,,0.8506206069724251,1.0854083061218263
4,linear,300,linear,,,0.8103622558123135,0.788198184967041
5,linear,300,sigmoid,,,0.7434518912057171,0.8377570629119873
6,linear,500,rbf,,,0.8486812101835962,1.4787545204162598
7,linear,500,linear,,,0.8084228590234843,1.0379645824432373
8,linear,500,sigmoid,,,0.7512071275770469,1.1186762809753419
9,linear,700,rbf,,,0.8501375208632078,2.02396821975708
10,linear,700,linear,,,0.813271350995557,1.404226541519165
11,linear,700,sigmoid,,,0.7512130045370131,1.5070584297180176
12,linear,1000,rbf,,,0.8491666470768001,2.8824436187744142
13,linear,1000,linear,,,0.8142422247819647,1.9792595863342286
14,linear,1000,sigmoid,,,0.7521815275394343,2.0783366680145265
15,linear,2000,rbf,,,0.8496509085780108,4.5246199607849125
16,linear,2000,linear,,,0.8127882648863395,3.1163057327270507
17,linear,2000,sigmoid,,,0.7521815275394343,3.252858304977417
18,rbf,100,rbf,0.03,,0.7720644584969087,1.1080880641937256
19,rbf,100,linear,0.03,,0.7318061073367967,1.0014002323150635
20,rbf,100,sigmoid,0.03,,0.7812783563318366,0.9864404201507568
21,rbf,300,rbf,0.03,,0.7279261383671454,1.5628845691680908
22,rbf,300,linear,0.03,,0.7793366087590211,1.269623327255249
23,rbf,300,sigmoid,0.03,,0.8263746209360822,1.2793024063110352
24,rbf,500,rbf,0.03,,0.739573097628059,2.05623254776001
25,rbf,500,linear,0.03,,0.7958214814640682,1.6486907005310059
26,rbf,500,sigmoid,0.03,,0.8258880086508851,1.6636787414550782
27,rbf,700,rbf,0.03,,0.5693528291685277,2.6612696647644043
28,rbf,700,linear,0.03,,0.8069677237358658,2.2586697578430175
29,rbf,700,sigmoid,0.03,,0.8273478455064763,2.2023239612579344
30,rbf,1000,rbf,0.03,,0.4626389901031994,3.5613404750823974
31,rbf,1000,linear,0.03,,0.8132772279555232,3.2587437629699707
32,rbf,1000,sigmoid,0.03,,0.8273443193304969,3.2552377223968505
33,rbf,2000,rbf,0.03,,0.7609005853452127,4.42337851524353
34,rbf,2000,linear,0.03,,0.8351042572697995,4.280533409118652
35,rbf,2000,sigmoid,0.03,,0.8312242883001482,4.329292869567871
36,rbf,100,rbf,0.03222222222222222,,0.7633336467711982,1.0853979110717773
37,rbf,100,linear,0.03222222222222222,,0.7158066715249536,0.9819472312927247
38,rbf,100,sigmoid,0.03222222222222222,,0.7749759044641389,1.0082021236419678
39,rbf,300,rbf,0.03222222222222222,,0.6998084111051035,1.6117215633392334
40,rbf,300,linear,0.03222222222222222,,0.7720621077129222,1.2678330421447754
41,rbf,300,sigmoid,0.03222222222222222,,0.8137603140647407,1.2877420425415038
42,rbf,500,rbf,0.03222222222222222,,0.7274559815698536,2.043414497375488
43,rbf,500,linear,0.03222222222222222,,0.7875808081995346,1.6693891525268554
44,rbf,500,sigmoid,0.03222222222222222,,0.8186099814288065,1.6745652198791503
45,rbf,700,rbf,0.03222222222222222,,0.5315298902183878,2.6771327018737794
46,rbf,700,linear,0.03222222222222222,,0.8026046686569972,2.2459192276000977
47,rbf,700,sigmoid,0.03222222222222222,,0.8220103904652201,2.2690600395202636
48,rbf,1000,rbf,0.03222222222222222,,0.43305554902560006,3.5429898262023927
49,rbf,1000,linear,0.03222222222222222,,0.8108547450574767,3.266093111038208
50,rbf,1000,sigmoid,0.03222222222222222,,0.8244375749312395,3.2884568214416503
51,rbf,2000,rbf,0.03222222222222222,,0.7531406474059099,4.437279415130615
52,rbf,2000,linear,0.03222222222222222,,0.8278309316156938,4.25299072265625
53,rbf,2000,sigmoid,0.03222222222222222,,0.8254096241096406,4.276464366912842
54,rbf,100,rbf,0.034444444444444444,,0.753146524365876,1.0780272483825684
55,rbf,100,linear,0.034444444444444444,,0.709019958156045,0.9781373977661133
56,rbf,100,sigmoid,0.034444444444444444,,0.7691565387056583,1.0197601795196534
57,rbf,300,rbf,0.034444444444444444,,0.6818660523284515,1.5410962104797363
58,rbf,300,linear,0.034444444444444444,,0.7575131056207245,1.2612479209899903
59,rbf,300,sigmoid,0.034444444444444444,,0.8055196408002068,1.3040323734283448
60,rbf,500,rbf,0.034444444444444444,,0.7070923152871482,2.041842222213745
61,rbf,500,linear,0.034444444444444444,,0.775933848938621,1.6685067176818849
62,rbf,500,sigmoid,0.034444444444444444,,0.8147311878511484,1.6813079357147216
63,rbf,700,rbf,0.034444444444444444,,0.48302851500975574,2.712355899810791
64,rbf,700,linear,0.034444444444444444,,0.7933907708220691,2.2663007736206056
65,rbf,700,sigmoid,0.034444444444444444,,0.8157055878135357,2.2607590198516845
66,rbf,1000,rbf,0.034444444444444444,,0.39716848068830957,3.582003355026245
67,rbf,1000,linear,0.034444444444444444,,0.8064846376266486,3.273278570175171
68,rbf,1000,sigmoid,0.034444444444444444,,0.8176461599943581,3.347311592102051
69,rbf,2000,rbf,0.034444444444444444,,0.7492583276522721,4.4477911472320555
70,rbf,2000,linear,0.034444444444444444,,0.821523778180023,4.238169956207275
71,rbf,2000,sigmoid,0.034444444444444444,,0.8195890829591669,4.367936611175537
72,rbf,100,rbf,0.03666666666666667,,0.7376325254472367,1.125042724609375
73,rbf,100,linear,0.03666666666666667,,0.6857401443381368,1.011876153945923
74,rbf,100,sigmoid,0.03666666666666667,,0.765757305061238,1.0193390846252441
75,rbf,300,rbf,0.03666666666666667,,0.6624650320882015,1.6141657829284668
76,rbf,300,linear,0.03666666666666667,,0.748301558569783,1.2835683345794677
77,rbf,300,sigmoid,0.03666666666666667,,0.800178659582971,1.307743740081787
78,rbf,500,rbf,0.03666666666666667,,0.6794388678624321,2.0714391231536866
79,rbf,500,linear,0.03666666666666667,,0.7701180093561203,1.7016851902008057
80,rbf,500,sigmoid,0.03666666666666667,,0.8055137638402406,1.720677089691162
81,rbf,700,rbf,0.03666666666666667,,0.45150450175133405,2.7134472370147704
82,rbf,700,linear,0.03666666666666667,,0.7846658360563248,2.2868603706359862
83,rbf,700,sigmoid,0.03666666666666667,,0.8074590375890359,2.2948225498199464
84,rbf,1000,rbf,0.03666666666666667,,0.36661886739227534,3.5453900337219237
85,rbf,1000,linear,0.03666666666666667,,0.8006687980441477,3.2911234855651856
86,rbf,1000,sigmoid,0.03666666666666667,,0.8089153482686475,3.3657291889190675
87,rbf,2000,rbf,0.03666666666666667,,0.7473201062554361,4.428142642974853
88,rbf,2000,linear,0.03666666666666667,,0.8142516279179105,4.259353971481323
89,rbf,2000,sigmoid,0.03666666666666667,,0.8069841792237711,4.375573205947876
90,rbf,100,rbf,0.03888888888888889,,0.7255095324290652,1.092139720916748
91,rbf,100,linear,0.03888888888888889,,0.664882813418275,0.9902152061462403
92,rbf,100,sigmoid,0.03888888888888889,,0.7589729424763159,1.0072526931762695
93,rbf,300,rbf,0.03888888888888889,,0.6387044829450621,1.5733524322509767
94,rbf,300,linear,0.03888888888888889,,0.7342379933707892,1.3082173347473145
95,rbf,300,sigmoid,0.03888888888888889,,0.7895131526364042,1.2954641819000243
96,rbf,500,rbf,0.03888888888888889,,0.6639142904158536,2.0399357795715334
97,rbf,500,linear,0.03888888888888889,,0.75896353934037,1.7267162799835205
98,rbf,500,sigmoid,0.03888888888888889,,0.7996955734737535,1.7094315528869628
99,rbf,700,rbf,0.03888888888888889,,0.4131937751240039,2.693410539627075
100,rbf,700,linear,0.03888888888888889,,0.7764181104398318,2.302255153656006
101,rbf,700,sigmoid,0.03888888888888889,,0.7977608782528973,2.2876065731048585
102,rbf,1000,rbf,0.03888888888888889,,0.34187804132678246,3.5463022232055663
103,rbf,1000,linear,0.03888888888888889,,0.7866087590211335,3.299591588973999
104,rbf,1000,sigmoid,0.03888888888888889,,0.7992218905004819,3.382535457611084
105,rbf,2000,rbf,0.03888888888888889,,0.743441312677778,4.4318280696868895
106,rbf,2000,linear,0.03888888888888889,,0.8050412562589624,4.214656496047974
107,rbf,2000,sigmoid,0.03888888888888889,,0.7943733985284092,4.3347913265228275
108,rbf,100,rbf,0.04111111111111111,,0.710964056512847,1.097056245803833
109,rbf,100,linear,0.04111111111111111,,0.6406309504219657,1.0067435264587403
110,rbf,100,sigmoid,0.04111111111111111,,0.7507240414678295,1.0586612701416016
111,rbf,300,rbf,0.04111111111111111,,0.620275511883213,1.5386666774749755
112,rbf,300,linear,0.04111111111111111,,0.7196913420625778,1.298266839981079
113,rbf,300,sigmoid,0.04111111111111111,,0.7832059992007334,1.340757131576538
114,rbf,500,rbf,0.04111111111111111,,0.6454806177860317,2.073264741897583
115,rbf,500,linear,0.04111111111111111,,0.7478090693246198,1.7584060192108155
116,rbf,500,sigmoid,0.04111111111111111,,0.792423423211641,1.7214360237121582
117,rbf,700,rbf,0.04111111111111111,,0.37778744211194437,2.676450490951538
118,rbf,700,linear,0.04111111111111111,,0.7686605232845153,2.3076250553131104
119,rbf,700,sigmoid,0.04111111111111111,,0.7924269493876207,2.2967769622802736
120,rbf,1000,rbf,0.04111111111111111,,0.3190836644020781,3.543730115890503
121,rbf,1000,linear,0.04111111111111111,,0.7807929194386328,3.3089387893676756
122,rbf,1000,sigmoid,0.04111111111111111,,0.7938879616352053,3.4365390300750733
123,rbf,2000,rbf,0.04111111111111111,,0.7361679870236724,4.440832233428955
124,rbf,2000,linear,0.04111111111111111,,0.7982498413220809,4.274151802062988
125,rbf,2000,sigmoid,0.04111111111111111,,0.785158325301488,4.442215394973755
126,rbf,100,rbf,0.043333333333333335,,0.7002926726063142,1.0803276538848876
127,rbf,100,linear,0.043333333333333335,,0.6246303392181293,1.000931406021118
128,rbf,100,sigmoid,0.043333333333333335,,0.7366510731328899,1.0125189304351807
129,rbf,300,rbf,0.043333333333333335,,0.6013611039281599,1.5577270984649658
130,rbf,300,linear,0.043333333333333335,,0.6998084111051035,1.2934998989105224
131,rbf,300,sigmoid,0.043333333333333335,,0.771078304614589,1.2949567317962647
132,rbf,500,rbf,0.043333333333333335,,0.6256000376125438,2.0800421237945557
133,rbf,500,linear,0.043333333333333335,,0.7361726885916454,1.7113354206085205
134,rbf,500,sigmoid,0.043333333333333335,,0.7778779472954229,1.7317940235137939
135,rbf,700,rbf,0.043333333333333335,,0.3472354780319236,2.689025068283081
136,rbf,700,linear,0.043333333333333335,,0.7541103458003244,2.35518536567688
137,rbf,700,sigmoid,0.043333333333333335,,0.7846658360563248,2.3247237682342528
138,rbf,1000,rbf,0.043333333333333335,,0.29435106608053785,3.572207307815552
139,rbf,1000,linear,0.043333333333333335,,0.7720644584969087,3.3416635990142822
140,rbf,1000,sigmoid,0.043333333333333335,,0.7885516819859423,3.402805042266846
141,rbf,2000,rbf,0.043333333333333335,,0.7337466795176191,4.407942771911621
142,rbf,2000,linear,0.043333333333333335,,0.7924316509555938,4.285292053222657
143,rbf,2000,sigmoid,0.043333333333333335,,0.7706140247772633,4.357915544509888
144,rbf,100,rbf,0.04555555555555556,,0.6838089752932603,1.0988009929656983
145,rbf,100,linear,0.04555555555555556,,0.5989268671101813,0.9994187831878663
146,rbf,100,sigmoid,0.04555555555555556,,0.7221020710406921,1.0093192100524901
147,rbf,300,rbf,0.04555555555555556,,0.5775982040010343,1.563302993774414
148,rbf,300,linear,0.04555555555555556,,0.6799207785796564,1.2937090873718262
149,rbf,300,sigmoid,0.04555555555555556,,0.7579832624180165,1.3228907585144043
150,rbf,500,rbf,0.04555555555555556,,0.6086320787982793,2.0444122314453126
151,rbf,500,linear,0.04555555555555556,,0.725503655469099,1.7414844989776612
152,rbf,500,sigmoid,0.04555555555555556,,0.7618749853076,1.723334836959839
153,rbf,700,rbf,0.04555555555555556,,0.3224970027504173,2.666795492172241
154,rbf,700,linear,0.04555555555555556,,0.7419885281741461,2.36528000831604
155,rbf,700,sigmoid,0.04555555555555556,,0.7764263381837843,2.344300413131714
156,rbf,1000,rbf,0.04555555555555556,,0.27009920308422863,3.6097363948822023
157,rbf,1000,linear,0.04555555555555556,,0.7604233761959613,3.3437803268432615
158,rbf,1000,sigmoid,0.04555555555555556,,0.7744881167869484,3.3998430252075194
159,rbf,2000,rbf,0.04555555555555556,,0.7274371752979619,4.419719886779785
160,rbf,2000,linear,0.04555555555555556,,0.7846717130162909,4.232974672317505
161,rbf,2000,sigmoid,0.04555555555555556,,0.7555866381438209,4.386509370803833
162,rbf,100,rbf,0.04777777777777778,,0.6585944662544959,1.1059341430664062
163,rbf,100,linear,0.04777777777777778,,0.5780718869743059,1.0013238430023192
164,rbf,100,sigmoid,0.04777777777777778,,0.708037330449705,1.011173152923584
165,rbf,300,rbf,0.04777777777777778,,0.5514010672559299,1.563032865524292
166,rbf,300,linear,0.04777777777777778,,0.6595582876889443,1.2938618183135986
167,rbf,300,sigmoid,0.04777777777777778,,0.7448964479653964,1.323960304260254
168,rbf,500,rbf,0.04777777777777778,,0.5717682597146148,2.0960457801818846
169,rbf,500,linear,0.04777777777777778,,0.709019958156045,1.7409499645233155
170,rbf,500,sigmoid,0.04777777777777778,,0.7560544441571263,1.7799463272094727
171,rbf,700,rbf,0.04777777777777778,,0.29921601354051575,2.674135112762451
172,rbf,700,linear,0.04777777777777778,,0.7342344671948094,2.373728370666504
173,rbf,700,sigmoid,0.04777777777777778,,0.7662403911704555,2.341693305969238
174,rbf,1000,rbf,0.04777777777777778,,0.25457462563765015,3.544362449645996
175,rbf,1000,linear,0.04777777777777778,,0.7497566938574014,3.3305468559265137
176,rbf,1000,sigmoid,0.04777777777777778,,0.7614013023343285,3.33844108581543
177,rbf,2000,rbf,0.04777777777777778,,0.7250146923999152,4.436724853515625
178,rbf,2000,linear,0.04777777777777778,,0.7764275135757776,4.282596921920776
179,rbf,2000,sigmoid,0.04777777777777778,,0.7429805590164319,4.35864782333374
180,rbf,100,rbf,0.05,,0.6440501657302711,1.0906853199005127
181,rbf,100,linear,0.05,,0.5480112367474553,1.0379262924194337
182,rbf,100,sigmoid,0.05,,0.68717882413785,1.01979718208313
183,rbf,300,rbf,0.05,,0.5164836973130539,1.554346513748169
184,rbf,300,linear,0.05,,0.6440372364183455,1.3744189739227295
185,rbf,300,sigmoid,0.05,,0.7269564399727309,1.3567182064056396
186,rbf,500,rbf,0.05,,0.5009708737864077,2.0890119075775146
187,rbf,500,linear,0.05,,0.6905945132701756,1.7772586345672607
188,rbf,500,sigmoid,0.05,,0.7453818848586004,1.796541690826416
189,rbf,700,rbf,0.05,,0.2725440184301465,2.685719108581543
190,rbf,700,linear,0.05,,0.719686640494605,2.3885380744934084
191,rbf,700,sigmoid,0.05,,0.749754343073415,2.3473183631896974
192,rbf,1000,rbf,0.05,,0.23371964550177485,3.5401814460754393
193,rbf,1000,linear,0.05,,0.737639577799196,3.3022618293762207
194,rbf,1000,sigmoid,0.05,,0.7439408542749006,3.346265268325806
195,rbf,2000,rbf,0.05,,0.7167763699193681,4.429739856719971
196,rbf,2000,linear,0.05,,0.7662462681304214,4.300895929336548
197,rbf,2000,sigmoid,0.05,,0.7260043724582148,4.402379989624023
198,sigmoid,100,rbf,0.03,,0.1008733162509697,0.6792961120605469
199,sigmoid,100,linear,0.03,,0.1008733162509697,0.6353413581848144
200,sigmoid,100,sigmoid,0.03,,0.1008733162509697,0.6534224033355713
201,sigmoid,300,rbf,0.03,,0.1008733162509697,0.906285285949707
202,sigmoid,300,linear,0.03,,0.1008733162509697,0.8448073863983154
203,sigmoid,300,sigmoid,0.03,,0.1008733162509697,0.8790312290191651
204,sigmoid,500,rbf,0.03,,0.1008733162509697,1.2295446872711182
205,sigmoid,500,linear,0.03,,0.1008733162509697,1.1740780353546143
206,sigmoid,500,sigmoid,0.03,,0.1008733162509697,1.1980364799499512
207,sigmoid,700,rbf,0.03,,0.1008733162509697,1.6881192207336426
208,sigmoid,700,linear,0.03,,0.1008733162509697,1.641040325164795
209,sigmoid,700,sigmoid,0.03,,0.1008733162509697,1.6240389347076416
210,sigmoid,1000,rbf,0.03,,0.1008733162509697,2.144655704498291
211,sigmoid,1000,linear,0.03,,0.1008733162509697,2.070647716522217
212,sigmoid,1000,sigmoid,0.03,,0.1008733162509697,2.101678228378296
213,sigmoid,2000,rbf,0.03,,0.1008733162509697,3.2900059700012205
214,sigmoid,2000,linear,0.03,,0.1008733162509697,3.235752487182617
215,sigmoid,2000,sigmoid,0.03,,0.1008733162509697,3.2566366672515867
216,sigmoid,100,rbf,0.03222222222222222,,0.1008733162509697,0.673189926147461
217,sigmoid,100,linear,0.03222222222222222,,0.1008733162509697,0.63316330909729
218,sigmoid,100,sigmoid,0.03222222222222222,,0.1008733162509697,0.6479096412658691
219,sigmoid,300,rbf,0.03222222222222222,,0.1008733162509697,0.9031237602233887
220,sigmoid,300,linear,0.03222222222222222,,0.1008733162509697,0.8781413555145263
221,sigmoid,300,sigmoid,0.03222222222222222,,0.1008733162509697,0.8748074531555176
222,sigmoid,500,rbf,0.03222222222222222,,0.1008733162509697,1.233120822906494
223,sigmoid,500,linear,0.03222222222222222,,0.1008733162509697,1.170355987548828
224,sigmoid,500,sigmoid,0.03222222222222222,,0.1008733162509697,1.2150059700012208
225,sigmoid,700,rbf,0.03222222222222222,,0.1008733162509697,1.7066383361816406
226,sigmoid,700,linear,0.03222222222222222,,0.1008733162509697,1.6380733013153077
227,sigmoid,700,sigmoid,0.03222222222222222,,0.1008733162509697,1.6422637462615968
228,sigmoid,1000,rbf,0.03222222222222222,,0.1008733162509697,2.1770066738128664
229,sigmoid,1000,linear,0.03222222222222222,,0.1008733162509697,2.1024757385253907
230,sigmoid,1000,sigmoid,0.03222222222222222,,0.1008733162509697,2.159258985519409
231,sigmoid,2000,rbf,0.03222222222222222,,0.1008733162509697,3.2452853202819822
232,sigmoid,2000,linear,0.03222222222222222,,0.1008733162509697,3.242336654663086
233,sigmoid,2000,sigmoid,0.03222222222222222,,0.1008733162509697,3.2271080017089844
234,sigmoid,100,rbf,0.034444444444444444,,0.1008733162509697,0.6885454177856445
235,sigmoid,100,linear,0.034444444444444444,,0.1008733162509697,0.6383805274963379
236,sigmoid,100,sigmoid,0.034444444444444444,,0.1008733162509697,0.6511693000793457
237,sigmoid,300,rbf,0.034444444444444444,,0.1008733162509697,0.9072342872619629
238,sigmoid,300,linear,0.034444444444444444,,0.1008733162509697,0.886655855178833
239,sigmoid,300,sigmoid,0.034444444444444444,,0.1008733162509697,0.8779171466827392
240,sigmoid,500,rbf,0.034444444444444444,,0.1008733162509697,1.2532431602478027
241,sigmoid,500,linear,0.034444444444444444,,0.1008733162509697,1.1799329757690429
242,sigmoid,500,sigmoid,0.034444444444444444,,0.1008733162509697,1.2302399635314942
243,sigmoid,700,rbf,0.034444444444444444,,0.1008733162509697,1.680790662765503
244,sigmoid,700,linear,0.034444444444444444,,0.1008733162509697,1.6405142784118651
245,sigmoid,700,sigmoid,0.034444444444444444,,0.1008733162509697,1.6558367252349853
246,sigmoid,1000,rbf,0.034444444444444444,,0.1008733162509697,2.2188854217529297
247,sigmoid,1000,linear,0.034444444444444444,,0.1008733162509697,2.0776578426361083
248,sigmoid,1000,sigmoid,0.034444444444444444,,0.1008733162509697,2.138208103179932
249,sigmoid,2000,rbf,0.034444444444444444,,0.1008733162509697,3.3306429386138916
250,sigmoid,2000,linear,0.034444444444444444,,0.1008733162509697,3.1750597953796387
251,sigmoid,2000,sigmoid,0.034444444444444444,,0.1008733162509697,3.2451232433319093
252,sigmoid,100,rbf,0.03666666666666667,,0.1008733162509697,0.7010575771331787
253,sigmoid,100,linear,0.03666666666666667,,0.1008733162509697,0.6581292152404785
254,sigmoid,100,sigmoid,0.03666666666666667,,0.1008733162509697,0.6534485340118408
255,sigmoid,300,rbf,0.03666666666666667,,0.1008733162509697,0.8990757942199707
256,sigmoid,300,linear,0.03666666666666667,,0.1008733162509697,0.863195276260376
257,sigmoid,300,sigmoid,0.03666666666666667,,0.1008733162509697,0.8664337635040283
258,sigmoid,500,rbf,0.03666666666666667,,0.1008733162509697,1.2474493980407715
259,sigmoid,500,linear,0.03666666666666667,,0.1008733162509697,1.1929698944091798
260,sigmoid,500,sigmoid,0.03666666666666667,,0.1008733162509697,1.2060581207275392
261,sigmoid,700,rbf,0.03666666666666667,,0.1008733162509697,1.695420789718628
262,sigmoid,700,linear,0.03666666666666667,,0.1008733162509697,1.6134491443634034
263,sigmoid,700,sigmoid,0.03666666666666667,,0.1008733162509697,1.6760264873504638
264,sigmoid,1000,rbf,0.03666666666666667,,0.1008733162509697,2.18280086517334
265,sigmoid,1000,linear,0.03666666666666667,,0.1008733162509697,2.1144174575805663
266,sigmoid,1000,sigmoid,0.03666666666666667,,0.1008733162509697,2.131109189987183
267,sigmoid,2000,rbf,0.03666666666666667,,0.1008733162509697,3.3389659881591798
268,sigmoid,2000,linear,0.03666666666666667,,0.1008733162509697,3.2270572185516357
269,sigmoid,2000,sigmoid,0.03666666666666667,,0.1008733162509697,3.2851897716522216
270,sigmoid,100,rbf,0.03888888888888889,,0.1008733162509697,0.6824098587036133
271,sigmoid,100,linear,0.03888888888888889,,0.1008733162509697,0.6265413284301757
272,sigmoid,100,sigmoid,0.03888888888888889,,0.1008733162509697,0.6506757736206055
273,sigmoid,300,rbf,0.03888888888888889,,0.1008733162509697,0.9247660160064697
274,sigmoid,300,linear,0.03888888888888889,,0.1008733162509697,0.8635836601257324
275,sigmoid,300,sigmoid,0.03888888888888889,,0.1008733162509697,0.8791934013366699
276,sigmoid,500,rbf,0.03888888888888889,,0.1008733162509697,1.2473551750183105
277,sigmoid,500,linear,0.03888888888888889,,0.1008733162509697,1.1784399509429933
278,sigmoid,500,sigmoid,0.03888888888888889,,0.1008733162509697,1.2103854179382325
279,sigmoid,700,rbf,0.03888888888888889,,0.1008733162509697,1.6807405948638916
280,sigmoid,700,linear,0.03888888888888889,,0.1008733162509697,1.6282154083251954
281,sigmoid,700,sigmoid,0.03888888888888889,,0.1008733162509697,1.618319845199585
282,sigmoid,1000,rbf,0.03888888888888889,,0.1008733162509697,2.1578235149383547
283,sigmoid,1000,linear,0.03888888888888889,,0.1008733162509697,2.058808517456055
284,sigmoid,1000,sigmoid,0.03888888888888889,,0.1008733162509697,2.0863012790679933
285,sigmoid,2000,rbf,0.03888888888888889,,0.1008733162509697,3.3102927684783934
286,sigmoid,2000,linear,0.03888888888888889,,0.1008733162509697,3.1947500705718994
287,sigmoid,2000,sigmoid,0.03888888888888889,,0.1008733162509697,3.245095443725586
288,sigmoid,100,rbf,0.04111111111111111,,0.1008733162509697,0.6757699966430664
289,sigmoid,100,linear,0.04111111111111111,,0.1008733162509697,0.6319563388824463
290,sigmoid,100,sigmoid,0.04111111111111111,,0.1008733162509697,0.6466940402984619
291,sigmoid,300,rbf,0.04111111111111111,,0.1008733162509697,0.9059818267822266
292,sigmoid,300,linear,0.04111111111111111,,0.1008733162509697,0.9154789447784424
293,sigmoid,300,sigmoid,0.04111111111111111,,0.1008733162509697,0.8733102321624756
294,sigmoid,500,rbf,0.04111111111111111,,0.1008733162509697,1.2269449710845948
295,sigmoid,500,linear,0.04111111111111111,,0.1008733162509697,1.1980297088623046
296,sigmoid,500,sigmoid,0.04111111111111111,,0.1008733162509697,1.19034743309021
297,sigmoid,700,rbf,0.04111111111111111,,0.1008733162509697,1.6898508548736573
298,sigmoid,700,linear,0.04111111111111111,,0.1008733162509697,1.6243207931518555
299,sigmoid,700,sigmoid,0.04111111111111111,,0.1008733162509697,1.62308349609375
300,sigmoid,1000,rbf,0.04111111111111111,,0.1008733162509697,2.140737247467041
301,sigmoid,1000,linear,0.04111111111111111,,0.1008733162509697,2.075243377685547
302,sigmoid,1000,sigmoid,0.04111111111111111,,0.1008733162509697,2.092997694015503
303,sigmoid,2000,rbf,0.04111111111111111,,0.1008733162509697,3.301658058166504
304,sigmoid,2000,linear,0.04111111111111111,,0.1008733162509697,3.2088063240051268
305,sigmoid,2000,sigmoid,0.04111111111111111,,0.1008733162509697,3.214694452285767
306,sigmoid,100,rbf,0.043333333333333335,,0.1008733162509697,0.719945240020752
307,sigmoid,100,linear,0.043333333333333335,,0.1008733162509697,0.6379435539245606
308,sigmoid,100,sigmoid,0.043333333333333335,,0.1008733162509697,0.6517047882080078
309,sigmoid,300,rbf,0.043333333333333335,,0.1008733162509697,0.9004538536071778
310,sigmoid,300,linear,0.043333333333333335,,0.1008733162509697,0.8713095664978028
311,sigmoid,300,sigmoid,0.043333333333333335,,0.1008733162509697,0.8898108005523682
312,sigmoid,500,rbf,0.043333333333333335,,0.1008733162509697,1.2344722270965576
313,sigmoid,500,linear,0.043333333333333335,,0.1008733162509697,1.16406569480896
314,sigmoid,500,sigmoid,0.043333333333333335,,0.1008733162509697,1.2051225185394288
315,sigmoid,700,rbf,0.043333333333333335,,0.1008733162509697,1.7096918106079102
316,sigmoid,700,linear,0.043333333333333335,,0.1008733162509697,1.6220165729522704
317,sigmoid,700,sigmoid,0.043333333333333335,,0.1008733162509697,1.63753981590271
318,sigmoid,1000,rbf,0.043333333333333335,,0.1008733162509697,2.1550747871398928
319,sigmoid,1000,linear,0.043333333333333335,,0.1008733162509697,2.082472324371338
320,sigmoid,1000,sigmoid,0.043333333333333335,,0.1008733162509697,2.083719778060913
321,sigmoid,2000,rbf,0.043333333333333335,,0.1008733162509697,3.349120283126831
322,sigmoid,2000,linear,0.043333333333333335,,0.1008733162509697,3.212902641296387
323,sigmoid,2000,sigmoid,0.043333333333333335,,0.1008733162509697,3.2740766048431396
324,sigmoid,100,rbf,0.04555555555555556,,0.1008733162509697,0.6825293064117431
325,sigmoid,100,linear,0.04555555555555556,,0.1008733162509697,0.633450698852539
326,sigmoid,100,sigmoid,0.04555555555555556,,0.1008733162509697,0.7124969005584717
327,sigmoid,300,rbf,0.04555555555555556,,0.1008733162509697,0.9029171943664551
328,sigmoid,300,linear,0.04555555555555556,,0.1008733162509697,0.8610413551330567
329,sigmoid,300,sigmoid,0.04555555555555556,,0.1008733162509697,0.869326400756836
330,sigmoid,500,rbf,0.04555555555555556,,0.1008733162509697,1.223111629486084
331,sigmoid,500,linear,0.04555555555555556,,0.1008733162509697,1.1650284290313722
332,sigmoid,500,sigmoid,0.04555555555555556,,0.1008733162509697,1.2019495010375976
333,sigmoid,700,rbf,0.04555555555555556,,0.1008733162509697,1.6977290630340576
334,sigmoid,700,linear,0.04555555555555556,,0.1008733162509697,1.6326300144195556
335,sigmoid,700,sigmoid,0.04555555555555556,,0.1008733162509697,1.6428935527801514
336,sigmoid,1000,rbf,0.04555555555555556,,0.1008733162509697,2.1896052837371824
337,sigmoid,1000,linear,0.04555555555555556,,0.1008733162509697,2.13607439994812
338,sigmoid,1000,sigmoid,0.04555555555555556,,0.1008733162509697,2.1531997203826903
339,sigmoid,2000,rbf,0.04555555555555556,,0.1008733162509697,3.3369376182556154
340,sigmoid,2000,linear,0.04555555555555556,,0.1008733162509697,3.2382129192352296
341,sigmoid,2000,sigmoid,0.04555555555555556,,0.1008733162509697,3.2583099842071532
342,sigmoid,100,rbf,0.04777777777777778,,0.1008733162509697,0.675181245803833
343,sigmoid,100,linear,0.04777777777777778,,0.1008733162509697,0.6392165660858155
344,sigmoid,100,sigmoid,0.04777777777777778,,0.1008733162509697,0.6592957496643066
345,sigmoid,300,rbf,0.04777777777777778,,0.1008733162509697,0.9043911457061767
346,sigmoid,300,linear,0.04777777777777778,,0.1008733162509697,0.8596238613128662
347,sigmoid,300,sigmoid,0.04777777777777778,,0.1008733162509697,0.8787905693054199
348,sigmoid,500,rbf,0.04777777777777778,,0.1008733162509697,1.233384609222412
349,sigmoid,500,linear,0.04777777777777778,,0.1008733162509697,1.1823386192321776
350,sigmoid,500,sigmoid,0.04777777777777778,,0.1008733162509697,1.1973057746887208
351,sigmoid,700,rbf,0.04777777777777778,,0.1008733162509697,1.7271708488464355
352,sigmoid,700,linear,0.04777777777777778,,0.1008733162509697,1.6276042938232422
353,sigmoid,700,sigmoid,0.04777777777777778,,0.1008733162509697,1.6535438537597655
354,sigmoid,1000,rbf,0.04777777777777778,,0.1008733162509697,2.174172782897949
355,sigmoid,1000,linear,0.04777777777777778,,0.1008733162509697,2.0619396686553957
356,sigmoid,1000,sigmoid,0.04777777777777778,,0.1008733162509697,2.1092095375061035
357,sigmoid,2000,rbf,0.04777777777777778,,0.1008733162509697,3.295846939086914
358,sigmoid,2000,linear,0.04777777777777778,,0.1008733162509697,3.189170980453491
359,sigmoid,2000,sigmoid,0.04777777777777778,,0.1008733162509697,3.21701340675354
360,sigmoid,100,rbf,0.05,,0.1008733162509697,0.6861280918121337
361,sigmoid,100,linear,0.05,,0.1008733162509697,0.6374156475067139
362,sigmoid,100,sigmoid,0.05,,0.1008733162509697,0.6571269035339355
363,sigmoid,300,rbf,0.05,,0.1008733162509697,0.906562328338623
364,sigmoid,300,linear,0.05,,0.1008733162509697,0.8593195915222168
365,sigmoid,300,sigmoid,0.05,,0.1008733162509697,0.8742608547210693
366,sigmoid,500,rbf,0.05,,0.1008733162509697,1.2380101680755615
367,sigmoid,500,linear,0.05,,0.1008733162509697,1.2184623718261718
368,sigmoid,500,sigmoid,0.05,,0.1008733162509697,1.1962472438812255
369,sigmoid,700,rbf,0.05,,0.1008733162509697,1.6672836780548095
370,sigmoid,700,linear,0.05,,0.1008733162509697,1.6176804542541503
371,sigmoid,700,sigmoid,0.05,,0.1008733162509697,1.6536601543426515
372,sigmoid,1000,rbf,0.05,,0.1008733162509697,2.126222610473633
373,sigmoid,1000,linear,0.05,,0.1008733162509697,2.0726222515106203
374,sigmoid,1000,sigmoid,0.05,,0.1008733162509697,2.126774311065674
375,sigmoid,2000,rbf,0.05,,0.1008733162509697,3.330590009689331
376,sigmoid,2000,linear,0.05,,0.1008733162509697,3.229194450378418
377,sigmoid,2000,sigmoid,0.05,,0.1008733162509697,3.252629852294922
378,poly,100,rbf,0.03,1.0,0.8574096711253203,0.715439748764038
379,poly,100,linear,0.03,1.0,0.8147405909870941,0.5722800731658936
380,poly,100,sigmoid,0.03,1.0,0.7356966548343873,0.6353721141815185
381,poly,300,rbf,0.03,1.0,0.8506206069724251,1.0753471851348877
382,poly,300,linear,0.03,1.0,0.827351371682456,0.7772849082946778
383,poly,300,sigmoid,0.03,1.0,0.7434507158137238,0.8321956157684326
384,poly,500,rbf,0.03,1.0,0.8491654716848069,1.4763570785522462
385,poly,500,linear,0.03,1.0,0.8273454947224901,1.0435693264007568
386,poly,500,sigmoid,0.03,1.0,0.7487822938950139,1.1179367065429688
387,poly,700,rbf,0.03,1.0,0.8501375208632078,2.0459030151367186
388,poly,700,linear,0.03,1.0,0.8263746209360822,1.4211849212646483
389,poly,700,sigmoid,0.03,1.0,0.7502421307506054,1.491294765472412
390,poly,1000,rbf,0.03,1.0,0.8491666470768001,2.841361713409424
391,poly,1000,linear,0.03,1.0,0.8254060979336607,1.9958204269409179
392,poly,1000,sigmoid,0.03,1.0,0.7521815275394343,2.0774954319000245
393,poly,2000,rbf,0.03,1.0,0.8496509085780108,3.414575147628784
394,poly,2000,linear,0.03,1.0,0.8263746209360822,2.0474031925201417
395,poly,2000,sigmoid,0.03,1.0,0.7521815275394343,2.196353387832642
396,poly,100,rbf,0.03222222222222222,1.0,0.8574096711253203,0.7140142440795898
397,poly,100,linear,0.03222222222222222,1.0,0.818132772279555,0.5659886360168457
398,poly,100,sigmoid,0.03222222222222222,1.0,0.7361797409436047,0.6095303058624267
399,poly,300,rbf,0.03222222222222222,1.0,0.8506206069724251,1.074168825149536
400,poly,300,linear,0.03222222222222222,1.0,0.8278356331836667,0.7673726558685303
401,poly,300,sigmoid,0.03222222222222222,1.0,0.7434507158137238,0.8289852619171143
402,poly,500,rbf,0.03222222222222222,1.0,0.8486812101835962,1.4884610652923584
403,poly,500,linear,0.03222222222222222,1.0,0.8268624086132725,1.0450742721557618
404,poly,500,sigmoid,0.03222222222222222,1.0,0.7487811185030208,1.1144124031066895
405,poly,700,rbf,0.03222222222222222,1.0,0.8501375208632078,2.0450408458709717
406,poly,700,linear,0.03222222222222222,1.0,0.8254060979336607,1.4103213787078857
407,poly,700,sigmoid,0.03222222222222222,1.0,0.7507275676438093,1.4995810985565186
408,poly,1000,rbf,0.03222222222222222,1.0,0.8491666470768001,2.886930513381958
409,poly,1000,linear,0.03222222222222222,1.0,0.8258903594348714,1.9930901050567627
410,poly,1000,sigmoid,0.03222222222222222,1.0,0.7516960906462306,2.0827833652496337
411,poly,2000,rbf,0.03222222222222222,1.0,0.8496509085780108,3.461054468154907
412,poly,2000,linear,0.03222222222222222,1.0,0.8263757963280753,2.0921971797943115
413,poly,2000,sigmoid,0.03222222222222222,1.0,0.7512106537530266,2.1618492126464846
414,poly,100,rbf,0.034444444444444444,1.0,0.8574096711253203,0.7069139003753662
415,poly,100,linear,0.034444444444444444,1.0,0.8181280707115823,0.6111710548400879
416,poly,100,sigmoid,0.034444444444444444,1.0,0.7361797409436047,0.6327121257781982
417,poly,300,rbf,0.034444444444444444,1.0,0.8506206069724251,1.069368553161621
418,poly,300,linear,0.034444444444444444,1.0,0.8288053315780812,0.7722022056579589
419,poly,300,sigmoid,0.034444444444444444,1.0,0.7439361527069277,0.8371434688568116
420,poly,500,rbf,0.034444444444444444,1.0,0.8486812101835962,1.4893883228302003
421,poly,500,linear,0.034444444444444444,1.0,0.8278332823996802,1.0320297241210938
422,poly,500,sigmoid,0.034444444444444444,1.0,0.7497519922894286,1.0963910102844239
423,poly,700,rbf,0.034444444444444444,1.0,0.8501375208632078,2.037141752243042
424,poly,700,linear,0.034444444444444444,1.0,0.8283151931169044,1.3979803562164306
425,poly,700,sigmoid,0.034444444444444444,1.0,0.7507275676438093,1.510771894454956
426,poly,1000,rbf,0.034444444444444444,1.0,0.8491666470768001,2.883500337600708
427,poly,1000,linear,0.034444444444444444,1.0,0.8273454947224899,2.010432481765747
428,poly,1000,sigmoid,0.034444444444444444,1.0,0.7521815275394343,2.093157434463501
429,poly,2000,rbf,0.034444444444444444,1.0,0.8496509085780108,3.398548412322998
430,poly,2000,linear,0.034444444444444444,1.0,0.8278309316156939,2.0393285274505617
431,poly,2000,sigmoid,0.034444444444444444,1.0,0.7516960906462306,2.147047185897827
432,poly,100,rbf,0.03666666666666667,1.0,0.8574096711253203,0.7465619564056396
433,poly,100,linear,0.03666666666666667,1.0,0.8195808552152142,0.5640475273132324
434,poly,100,sigmoid,0.03666666666666667,1.0,0.735695479442394,0.6114682674407959
435,poly,300,rbf,0.03666666666666667,1.0,0.8506206069724251,1.0652694702148438
436,poly,300,linear,0.03666666666666667,1.0,0.8268624086132725,0.7595149993896484
437,poly,300,sigmoid,0.03666666666666667,1.0,0.7444215896001316,0.8497222423553467
438,poly,500,rbf,0.03666666666666667,1.0,0.8486812101835962,1.4911287307739258
439,poly,500,linear,0.03666666666666667,1.0,0.828318719292884,1.0353774070739745
440,poly,500,sigmoid,0.03666666666666667,1.0,0.7487811185030208,1.0969841003417968
441,poly,700,rbf,0.03666666666666667,1.0,0.8501375208632078,2.047593116760254
442,poly,700,linear,0.03666666666666667,1.0,0.8273466701144832,1.397730016708374
443,poly,700,sigmoid,0.03666666666666667,1.0,0.7512118291450198,1.48841552734375
444,poly,1000,rbf,0.03666666666666667,1.0,0.8491666470768001,2.8476693630218506
445,poly,1000,linear,0.03666666666666667,1.0,0.8273466701144832,1.984192705154419
446,poly,1000,sigmoid,0.03666666666666667,1.0,0.7526657890406451,2.0749948501586912
447,poly,2000,rbf,0.03666666666666667,1.0,0.8496509085780108,3.406838607788086
448,poly,2000,linear,0.03666666666666667,1.0,0.8288006300101085,2.0445550441741944
449,poly,2000,sigmoid,0.03666666666666667,1.0,0.7516960906462306,2.1577125072479246
450,poly,100,rbf,0.03888888888888889,1.0,0.8574096711253203,0.7225937843322754
451,poly,100,linear,0.03888888888888889,1.0,0.8191001198899833,0.5708738803863526
452,poly,100,sigmoid,0.03888888888888889,1.0,0.7361809163355979,0.6217179775238038
453,poly,300,rbf,0.03888888888888889,1.0,0.8506206069724251,1.090467596054077
454,poly,300,linear,0.03888888888888889,1.0,0.8268635840052656,0.7726014137268067
455,poly,300,sigmoid,0.03888888888888889,1.0,0.7434518912057171,0.8577929496765136
456,poly,500,rbf,0.03888888888888889,1.0,0.8486812101835962,1.4858465194702148
457,poly,500,linear,0.03888888888888889,1.0,0.8292884176872988,1.0259509086608887
458,poly,500,sigmoid,0.03888888888888889,1.0,0.7487811185030208,1.1490076541900636
459,poly,700,rbf,0.03888888888888889,1.0,0.8501375208632078,2.0445550441741944
460,poly,700,linear,0.03888888888888889,1.0,0.8273466701144832,1.3997222900390625
461,poly,700,sigmoid,0.03888888888888889,1.0,0.7512130045370131,1.47982177734375
462,poly,1000,rbf,0.03888888888888889,1.0,0.8491666470768001,2.868837833404541
463,poly,1000,linear,0.03888888888888889,1.0,0.8273454947224899,1.9725754737854004
464,poly,1000,sigmoid,0.03888888888888889,1.0,0.7526669644326383,2.1132654666900637
465,poly,2000,rbf,0.03888888888888889,1.0,0.8496509085780108,3.4222299098968505
466,poly,2000,linear,0.03888888888888889,1.0,0.8273454947224899,2.0238650321960447
467,poly,2000,sigmoid,0.03888888888888889,1.0,0.7516960906462306,2.143910789489746
468,poly,100,rbf,0.04111111111111111,1.0,0.8574096711253203,0.7282732486724853
469,poly,100,linear,0.04111111111111111,1.0,0.8186193845647525,0.5692359447479248
470,poly,100,sigmoid,0.04111111111111111,1.0,0.7347269564399728,0.621861743927002
471,poly,300,rbf,0.04111111111111111,1.0,0.8506206069724251,1.0939231872558595
472,poly,300,linear,0.04111111111111111,1.0,0.8273478455064763,0.7743807315826416
473,poly,300,sigmoid,0.04111111111111111,1.0,0.7434518912057171,0.8468265056610107
474,poly,500,rbf,0.04111111111111111,1.0,0.8486812101835962,1.4732858180999755
475,poly,500,linear,0.04111111111111111,1.0,0.8288018054021016,1.0459322452545166
476,poly,500,sigmoid,0.04111111111111111,1.0,0.7497519922894286,1.1195785522460937
477,poly,700,rbf,0.04111111111111111,1.0,0.8501375208632078,2.035453128814697
478,poly,700,linear,0.04111111111111111,1.0,0.8273443193304967,1.4026113033294678
479,poly,700,sigmoid,0.04111111111111111,1.0,0.7516972660382237,1.5065808773040772
480,poly,1000,rbf,0.04111111111111111,1.0,0.8491666470768001,2.8501908779144287
481,poly,1000,linear,0.04111111111111111,1.0,0.8273454947224899,1.9922390937805177
482,poly,1000,sigmoid,0.04111111111111111,1.0,0.7521815275394343,2.088686990737915
483,poly,2000,rbf,0.04111111111111111,1.0,0.8496509085780108,3.4167280197143555
484,poly,2000,linear,0.04111111111111111,1.0,0.8288006300101085,2.080049180984497
485,poly,2000,sigmoid,0.04111111111111111,1.0,0.7507275676438092,2.141638231277466
486,poly,100,rbf,0.043333333333333335,1.0,0.8574096711253203,0.7235524177551269
487,poly,100,linear,0.043333333333333335,1.0,0.8191071722419426,0.6241849422454834
488,poly,100,sigmoid,0.043333333333333335,1.0,0.7366663532288018,0.6272091388702392
489,poly,300,rbf,0.043333333333333335,1.0,0.8506206069724251,1.0843191146850586
490,poly,300,linear,0.043333333333333335,1.0,0.8312266390841344,0.76795334815979
491,poly,300,sigmoid,0.043333333333333335,1.0,0.7429664543125132,0.8448068141937256
492,poly,500,rbf,0.043333333333333335,1.0,0.8486812101835962,1.5111281394958496
493,poly,500,linear,0.043333333333333335,1.0,0.8273454947224899,1.0376971244812012
494,poly,500,sigmoid,0.043333333333333335,1.0,0.7492665553962247,1.1333099842071532
495,poly,700,rbf,0.043333333333333335,1.0,0.8501375208632078,2.0589243888854982
496,poly,700,linear,0.043333333333333335,1.0,0.8278297562237006,1.4138226985931397
497,poly,700,sigmoid,0.043333333333333335,1.0,0.7507275676438093,1.501521396636963
498,poly,1000,rbf,0.043333333333333335,1.0,0.8491666470768001,2.879340934753418
499,poly,1000,linear,0.043333333333333335,1.0,0.8273443193304967,1.9826014041900635
500,poly,1000,sigmoid,0.043333333333333335,1.0,0.7516960906462306,2.074491786956787
501,poly,2000,rbf,0.043333333333333335,1.0,0.8496509085780108,3.3973715782165526
502,poly,2000,linear,0.043333333333333335,1.0,0.8278297562237006,2.051359033584595
503,poly,2000,sigmoid,0.043333333333333335,1.0,0.7516972660382237,2.1496395111083983
504,poly,100,rbf,0.04555555555555556,1.0,0.8574096711253203,0.7048764228820801
505,poly,100,linear,0.04555555555555556,1.0,0.819594959919133,0.5716431617736817
506,poly,100,sigmoid,0.04555555555555556,1.0,0.7366651778368085,0.6216080188751221
507,poly,300,rbf,0.04555555555555556,1.0,0.8506206069724251,1.0784028053283692
508,poly,300,linear,0.04555555555555556,1.0,0.8312278144761278,0.7940005779266357
509,poly,300,sigmoid,0.04555555555555556,1.0,0.7439361527069277,0.8430353164672851
510,poly,500,rbf,0.04555555555555556,1.0,0.8486812101835962,1.476084089279175
511,poly,500,linear,0.04555555555555556,1.0,0.8302534145137402,1.0378545284271241
512,poly,500,sigmoid,0.04555555555555556,1.0,0.7492665553962247,1.118435764312744
513,poly,700,rbf,0.04555555555555556,1.0,0.8501375208632078,2.038809871673584
514,poly,700,linear,0.04555555555555556,1.0,0.8273431439385035,1.419519853591919
515,poly,700,sigmoid,0.04555555555555556,1.0,0.7507275676438093,1.4756682872772218
516,poly,1000,rbf,0.04555555555555556,1.0,0.8491666470768001,2.8445804595947264
517,poly,1000,linear,0.04555555555555556,1.0,0.8263710947601025,1.9938553810119628
518,poly,1000,sigmoid,0.04555555555555556,1.0,0.7521803521474413,2.0530298709869386
519,poly,2000,rbf,0.04555555555555556,1.0,0.8496509085780108,3.3928483963012694
520,poly,2000,linear,0.04555555555555556,1.0,0.8278274054397141,2.01606707572937
521,poly,2000,sigmoid,0.04555555555555556,1.0,0.7516972660382237,2.174593925476074
522,poly,100,rbf,0.04777777777777778,1.0,0.8574096711253203,0.720226240158081
523,poly,100,linear,0.04777777777777778,1.0,0.8215343567079622,0.5766027927398681
524,poly,100,sigmoid,0.04777777777777778,1.0,0.7361820917275912,0.6264482021331788
525,poly,300,rbf,0.04777777777777778,1.0,0.8506206069724251,1.086407518386841
526,poly,300,linear,0.04777777777777778,1.0,0.8307400267989374,0.7879015922546386
527,poly,300,sigmoid,0.04777777777777778,1.0,0.7444204142081384,0.8319994449615479
528,poly,500,rbf,0.04777777777777778,1.0,0.8486812101835962,1.487886381149292
529,poly,500,linear,0.04777777777777778,1.0,0.8302522391217473,1.047718620300293
530,poly,500,sigmoid,0.04777777777777778,1.0,0.7487822938950139,1.1168501377105713
531,poly,700,rbf,0.04777777777777778,1.0,0.8501375208632078,2.033129835128784
532,poly,700,linear,0.04777777777777778,1.0,0.8273407931545169,1.41324725151062
533,poly,700,sigmoid,0.04777777777777778,1.0,0.7512130045370131,1.481485414505005
534,poly,1000,rbf,0.04777777777777778,1.0,0.8491666470768001,2.858147478103638
535,poly,1000,linear,0.04777777777777778,1.0,0.8283093161569383,1.9790155410766601
536,poly,1000,sigmoid,0.04777777777777778,1.0,0.7526669644326383,2.0917446613311768
537,poly,2000,rbf,0.04777777777777778,1.0,0.8496509085780108,3.4447937965393067
538,poly,2000,linear,0.04777777777777778,1.0,0.8283104915489317,2.0148692607879637
539,poly,2000,sigmoid,0.04777777777777778,1.0,0.7512118291450198,2.1585039138793944
540,poly,100,rbf,0.05,1.0,0.8574096711253203,0.7156530380249023
541,poly,100,linear,0.05,1.0,0.8220174428171795,0.5644423007965088
542,poly,100,sigmoid,0.05,1.0,0.7361809163355979,0.6077498912811279
543,poly,300,rbf,0.05,1.0,0.8506206069724251,1.1046469688415528
544,poly,300,linear,0.05,1.0,0.8297668022285432,0.7671675205230712
545,poly,300,sigmoid,0.05,1.0,0.7434518912057171,0.8355441570281983
546,poly,500,rbf,0.05,1.0,0.8486812101835962,1.5119054794311524
547,poly,500,linear,0.05,1.0,0.8292813653353394,1.0426035404205323
548,poly,500,sigmoid,0.05,1.0,0.7497508168974353,1.1261903285980224
549,poly,700,rbf,0.05,1.0,0.8501375208632078,2.050694131851196
550,poly,700,linear,0.05,1.0,0.8278262300477209,1.4057697296142577
551,poly,700,sigmoid,0.05,1.0,0.7512130045370131,1.4977160930633544
552,poly,1000,rbf,0.05,1.0,0.8491666470768001,2.8538148403167725
553,poly,1000,linear,0.05,1.0,0.8297644514445569,1.9946593761444091
554,poly,1000,sigmoid,0.05,1.0,0.7521815275394343,2.08044056892395
555,poly,2000,rbf,0.05,1.0,0.8496509085780108,3.3772976875305174
556,poly,2000,linear,0.05,1.0,0.8302498883377606,2.0718812942504883
557,poly,2000,sigmoid,0.05,1.0,0.7526669644326383,2.155994987487793
558,poly,100,rbf,0.03,2.0,0.848680034791603,0.7119391441345215
559,poly,100,linear,0.03,2.0,0.7948459061096875,0.6706181526184082
560,poly,100,sigmoid,0.03,2.0,0.6653553209995533,0.6174351215362549
561,poly,300,rbf,0.03,2.0,0.8423752321399187,1.0292724609375
562,poly,300,linear,0.03,2.0,0.8098756435271163,0.7884727001190186
563,poly,300,sigmoid,0.03,2.0,0.6905898117022027,0.8480204105377197
564,poly,500,rbf,0.03,2.0,0.8404358353510896,1.4730244159698487
565,poly,500,linear,0.03,2.0,0.8142434001739579,1.060382604598999
566,poly,500,sigmoid,0.03,2.0,0.6930122946002492,1.1064957618713378
567,poly,700,rbf,0.03,2.0,0.8394661369566749,1.986938238143921
568,poly,700,linear,0.03,2.0,0.8142398739979783,1.423259687423706
569,poly,700,sigmoid,0.03,2.0,0.6930087684242695,1.5158668994903564
570,poly,1000,rbf,0.03,2.0,0.8399503984578857,2.819316339492798
571,poly,1000,linear,0.03,2.0,0.8166623568960247,1.997156286239624
572,poly,1000,sigmoid,0.03,2.0,0.6944580267519218,2.1110000610351562
573,poly,2000,rbf,0.03,2.0,0.8384952631702672,4.4880506038665775
574,poly,2000,linear,0.03,2.0,0.8171466183972355,3.1680102825164793
575,poly,2000,sigmoid,0.03,2.0,0.6973694727191518,3.3029720783233643
576,poly,100,rbf,0.03222222222222222,2.0,0.848680034791603,0.7391237735748291
577,poly,100,linear,0.03222222222222222,2.0,0.7953313430028913,0.6476339340209961
578,poly,100,sigmoid,0.03222222222222222,2.0,0.6653564963915466,0.6213958740234375
579,poly,300,rbf,0.03222222222222222,2.0,0.8423752321399187,1.0347180366516113
580,poly,300,linear,0.03222222222222222,2.0,0.8098756435271163,0.791863489151001
581,poly,300,sigmoid,0.03222222222222222,2.0,0.6920449469898211,0.8559524536132812
582,poly,500,rbf,0.03222222222222222,2.0,0.8404358353510896,1.4374270915985108
583,poly,500,linear,0.03222222222222222,2.0,0.8142434001739579,1.0596490383148194
584,poly,500,sigmoid,0.03222222222222222,2.0,0.6930122946002492,1.1039340496063232
585,poly,700,rbf,0.03222222222222222,2.0,0.8394661369566749,1.9737133502960205
586,poly,700,linear,0.03222222222222222,2.0,0.8142398739979783,1.4174268245697021
587,poly,700,sigmoid,0.03222222222222222,2.0,0.6930087684242695,1.5411578178405763
588,poly,1000,rbf,0.03222222222222222,2.0,0.8399503984578857,2.7846793651580812
589,poly,1000,linear,0.03222222222222222,2.0,0.8161780953948142,1.999910259246826
590,poly,1000,sigmoid,0.03222222222222222,2.0,0.6939725898587179,2.078659248352051
591,poly,2000,rbf,0.03222222222222222,2.0,0.8384952631702672,4.480379199981689
592,poly,2000,linear,0.03222222222222222,2.0,0.8171466183972355,3.2146159648895263
593,poly,2000,sigmoid,0.03222222222222222,2.0,0.6963985989327441,3.3172908782958985
594,poly,100,rbf,0.034444444444444444,2.0,0.848680034791603,0.740825891494751
595,poly,100,linear,0.034444444444444444,2.0,0.795815604504102,0.6385376453399658
596,poly,100,sigmoid,0.034444444444444444,2.0,0.6658419332847505,0.6131822109222412
597,poly,300,rbf,0.034444444444444444,2.0,0.8423752321399187,1.027779769897461
598,poly,300,linear,0.034444444444444444,2.0,0.8098756435271163,0.8099048614501954
599,poly,300,sigmoid,0.034444444444444444,2.0,0.6915606854886105,0.8727083683013916
600,poly,500,rbf,0.034444444444444444,2.0,0.8404358353510896,1.4504550457000733
601,poly,500,linear,0.034444444444444444,2.0,0.8142434001739579,1.0620108604431153
602,poly,500,sigmoid,0.034444444444444444,2.0,0.693497731493453,1.1136013984680175
603,poly,700,rbf,0.034444444444444444,2.0,0.8394661369566749,2.0332757472991942
604,poly,700,linear,0.034444444444444444,2.0,0.8142398739979783,1.4307497501373292
605,poly,700,sigmoid,0.034444444444444444,2.0,0.6934942053174733,1.4953841686248779
606,poly,1000,rbf,0.034444444444444444,2.0,0.8394649615646819,2.780089521408081
607,poly,1000,linear,0.034444444444444444,2.0,0.8161780953948142,2.048298215866089
608,poly,1000,sigmoid,0.034444444444444444,2.0,0.6939725898587179,2.097342014312744
609,poly,2000,rbf,0.034444444444444444,2.0,0.8384952631702672,4.5219886302948
610,poly,2000,linear,0.034444444444444444,2.0,0.8171466183972355,3.2288979053497315
611,poly,2000,sigmoid,0.034444444444444444,2.0,0.6973671219351655,3.3485958576202393
612,poly,100,rbf,0.03666666666666667,2.0,0.848680034791603,0.7182509422302246
613,poly,100,linear,0.03666666666666667,2.0,0.795815604504102,0.6535660266876221
614,poly,100,sigmoid,0.03666666666666667,2.0,0.6648722348903359,0.6229755878448486
615,poly,300,rbf,0.03666666666666667,2.0,0.8423752321399187,1.0534873008728027
616,poly,300,linear,0.03666666666666667,2.0,0.8098756435271163,0.7964591026306153
617,poly,300,sigmoid,0.03666666666666667,2.0,0.6915606854886105,0.8721249580383301
618,poly,500,rbf,0.03666666666666667,2.0,0.8404358353510896,1.4634786605834962
619,poly,500,linear,0.03666666666666667,2.0,0.8137591386727474,1.0618571281433105
620,poly,500,sigmoid,0.03666666666666667,2.0,0.6930122946002492,1.1185842514038087
621,poly,700,rbf,0.03666666666666667,2.0,0.8394661369566749,2.005546140670776
622,poly,700,linear,0.03666666666666667,2.0,0.8142398739979783,1.4098010540008545
623,poly,700,sigmoid,0.03666666666666667,2.0,0.6930087684242695,1.5072842597961427
624,poly,1000,rbf,0.03666666666666667,2.0,0.8399503984578857,2.7801084518432617
625,poly,1000,linear,0.03666666666666667,2.0,0.8161780953948142,2.025638723373413
626,poly,1000,sigmoid,0.03666666666666667,2.0,0.6930028914643034,2.0875178813934325
627,poly,2000,rbf,0.03666666666666667,2.0,0.8384952631702672,4.50945553779602
628,poly,2000,linear,0.03666666666666667,2.0,0.8171466183972355,3.1998575210571287
629,poly,2000,sigmoid,0.03666666666666667,2.0,0.6968816850419616,3.297413396835327
630,poly,100,rbf,0.03888888888888889,2.0,0.848680034791603,0.7038833141326905
631,poly,100,linear,0.03888888888888889,2.0,0.796301041397306,0.6394306659698487
632,poly,100,sigmoid,0.03888888888888889,2.0,0.6648722348903359,0.6185235023498535
633,poly,300,rbf,0.03888888888888889,2.0,0.8423752321399187,1.0274778842926025
634,poly,300,linear,0.03888888888888889,2.0,0.8098756435271163,0.788983678817749
635,poly,300,sigmoid,0.03888888888888889,2.0,0.6910764239873998,0.8630180835723877
636,poly,500,rbf,0.03888888888888889,2.0,0.8404358353510896,1.4317997455596925
637,poly,500,linear,0.03888888888888889,2.0,0.8142434001739579,1.0549195289611817
638,poly,500,sigmoid,0.03888888888888889,2.0,0.6930122946002492,1.1135164260864259
639,poly,700,rbf,0.03888888888888889,2.0,0.8394661369566749,2.0108183860778808
640,poly,700,linear,0.03888888888888889,2.0,0.8142398739979783,1.408010768890381
641,poly,700,sigmoid,0.03888888888888889,2.0,0.6939796422106772,1.492187261581421
642,poly,1000,rbf,0.03888888888888889,2.0,0.8399503984578857,2.7745410919189455
643,poly,1000,linear,0.03888888888888889,2.0,0.8166623568960247,2.0333895683288574
644,poly,1000,sigmoid,0.03888888888888889,2.0,0.6930017160723101,2.082496166229248
645,poly,2000,rbf,0.03888888888888889,2.0,0.8384952631702672,4.452428770065308
646,poly,2000,linear,0.03888888888888889,2.0,0.8171466183972355,3.1610512256622316
647,poly,2000,sigmoid,0.03888888888888889,2.0,0.6963962481487578,3.316482925415039
648,poly,100,rbf,0.04111111111111111,2.0,0.848680034791603,0.7035389423370362
649,poly,100,linear,0.04111111111111111,2.0,0.795815604504102,0.6980409145355224
650,poly,100,sigmoid,0.04111111111111111,2.0,0.6658419332847505,0.6182688713073731
651,poly,300,rbf,0.04111111111111111,2.0,0.8423752321399187,1.0297385215759278
652,poly,300,linear,0.04111111111111111,2.0,0.8098756435271163,0.7955760955810547
653,poly,300,sigmoid,0.04111111111111111,2.0,0.6901090763769717,0.8599014282226562
654,poly,500,rbf,0.04111111111111111,2.0,0.8404358353510896,1.4642402172088622
655,poly,500,linear,0.04111111111111111,2.0,0.8142434001739579,1.0535903453826905
656,poly,500,sigmoid,0.04111111111111111,2.0,0.6944674298878676,1.1248692989349365
657,poly,700,rbf,0.04111111111111111,2.0,0.8399503984578857,1.9726102352142334
658,poly,700,linear,0.04111111111111111,2.0,0.8142398739979783,1.4256957054138184
659,poly,700,sigmoid,0.04111111111111111,2.0,0.6934942053174733,1.5160017013549805
660,poly,1000,rbf,0.04111111111111111,2.0,0.8399503984578857,2.8095042228698732
661,poly,1000,linear,0.04111111111111111,2.0,0.8166623568960247,2.009541416168213
662,poly,1000,sigmoid,0.04111111111111111,2.0,0.6920331930698889,2.0878129482269285
663,poly,2000,rbf,0.04111111111111111,2.0,0.8380110016690567,4.5378578186035154
664,poly,2000,linear,0.04111111111111111,2.0,0.8171466183972355,3.2521592140197755
665,poly,2000,sigmoid,0.04111111111111111,2.0,0.6968816850419616,3.3309117794036864
666,poly,100,rbf,0.043333333333333335,2.0,0.848680034791603,0.7167192935943604
667,poly,100,linear,0.043333333333333335,2.0,0.7967853028985166,0.6863642692565918
668,poly,100,sigmoid,0.043333333333333335,2.0,0.6663273701779543,0.6177050113677979
669,poly,300,rbf,0.043333333333333335,2.0,0.8423752321399187,1.0351545333862304
670,poly,300,linear,0.043333333333333335,2.0,0.8098756435271163,0.800129747390747
671,poly,300,sigmoid,0.043333333333333335,2.0,0.6915618608806037,0.8476093292236329
672,poly,500,rbf,0.043333333333333335,2.0,0.8404358353510896,1.4463865280151367
673,poly,500,linear,0.043333333333333335,2.0,0.8137591386727474,1.0467450141906738
674,poly,500,sigmoid,0.043333333333333335,2.0,0.6939819929946637,1.1247853755950927
675,poly,700,rbf,0.043333333333333335,2.0,0.8394661369566749,1.9867562294006347
676,poly,700,linear,0.043333333333333335,2.0,0.8142398739979783,1.404936933517456
677,poly,700,sigmoid,0.043333333333333335,2.0,0.6934942053174733,1.4948748111724854
678,poly,1000,rbf,0.043333333333333335,2.0,0.8399503984578857,2.781533622741699
679,poly,1000,linear,0.043333333333333335,2.0,0.8161780953948142,2.0503448009490968
680,poly,1000,sigmoid,0.043333333333333335,2.0,0.6930028914643034,2.0688546657562257
681,poly,2000,rbf,0.043333333333333335,2.0,0.8384952631702672,4.452921152114868
682,poly,2000,linear,0.043333333333333335,2.0,0.8166611815040316,3.172826957702637
683,poly,2000,sigmoid,0.043333333333333335,2.0,0.695911986647547,3.266921615600586
684,poly,100,rbf,0.04555555555555556,2.0,0.848680034791603,0.7040946006774902
685,poly,100,linear,0.04555555555555556,2.0,0.7967853028985166,0.6630058288574219
686,poly,100,sigmoid,0.04555555555555556,2.0,0.6663273701779543,0.6121739387512207
687,poly,300,rbf,0.04555555555555556,2.0,0.8423752321399187,1.0202318668365478
688,poly,300,linear,0.04555555555555556,2.0,0.8098756435271163,0.7893886566162109
689,poly,300,sigmoid,0.04555555555555556,2.0,0.6915618608806037,0.852006196975708
690,poly,500,rbf,0.04555555555555556,2.0,0.8404358353510896,1.4415804862976074
691,poly,500,linear,0.04555555555555556,2.0,0.8142434001739579,1.0545012950897217
692,poly,500,sigmoid,0.04555555555555556,2.0,0.6939819929946637,1.107008409500122
693,poly,700,rbf,0.04555555555555556,2.0,0.8394661369566749,1.9865228176116942
694,poly,700,linear,0.04555555555555556,2.0,0.8142398739979783,1.4087206840515136
695,poly,700,sigmoid,0.04555555555555556,2.0,0.693978466818684,1.48708176612854
696,poly,1000,rbf,0.04555555555555556,2.0,0.8394649615646819,2.8082526683807374
697,poly,1000,linear,0.04555555555555556,2.0,0.8166623568960247,2.0438061237335203
698,poly,1000,sigmoid,0.04555555555555556,2.0,0.6920343684618822,2.089366340637207
699,poly,2000,rbf,0.04555555555555556,2.0,0.8384952631702672,4.493401765823364
700,poly,2000,linear,0.04555555555555556,2.0,0.8171466183972355,3.251357173919678
701,poly,2000,sigmoid,0.04555555555555556,2.0,0.6968828604339548,3.325928735733032
702,poly,100,rbf,0.04777777777777778,2.0,0.848680034791603,0.711099910736084
703,poly,100,linear,0.04777777777777778,2.0,0.795815604504102,0.6377573490142823
704,poly,100,sigmoid,0.04777777777777778,2.0,0.666811631679165,0.616915225982666
705,poly,300,rbf,0.04777777777777778,2.0,0.8423752321399187,1.0216991901397705
706,poly,300,linear,0.04777777777777778,2.0,0.8098756435271163,0.794774341583252
707,poly,300,sigmoid,0.04777777777777778,2.0,0.6915618608806037,0.8726088047027588
708,poly,500,rbf,0.04777777777777778,2.0,0.8404358353510896,1.4439899444580078
709,poly,500,linear,0.04777777777777778,2.0,0.8137591386727474,1.054405641555786
710,poly,500,sigmoid,0.04777777777777778,2.0,0.6939819929946637,1.1173101902008056
711,poly,700,rbf,0.04777777777777778,2.0,0.8394661369566749,1.9884702205657958
712,poly,700,linear,0.04777777777777778,2.0,0.8142398739979783,1.4332072257995605
713,poly,700,sigmoid,0.04777777777777778,2.0,0.6954336021063025,1.486852264404297
714,poly,1000,rbf,0.04777777777777778,2.0,0.8394649615646819,2.8201497077941893
715,poly,1000,linear,0.04777777777777778,2.0,0.8166623568960247,2.018561840057373
716,poly,1000,sigmoid,0.04777777777777778,2.0,0.692519805355086,2.1117757320404054
717,poly,2000,rbf,0.04777777777777778,2.0,0.8380098262770634,4.4644993305206295
718,poly,2000,linear,0.04777777777777778,2.0,0.8171466183972355,3.267147350311279
719,poly,2000,sigmoid,0.04777777777777778,2.0,0.6968816850419615,3.39343376159668
720,poly,100,rbf,0.05,2.0,0.848680034791603,0.7023378372192383
721,poly,100,linear,0.05,2.0,0.795815604504102,0.6434020519256591
722,poly,100,sigmoid,0.05,2.0,0.6668128070711582,0.6191747665405274
723,poly,300,rbf,0.05,2.0,0.8423752321399187,1.0368821144104003
724,poly,300,linear,0.05,2.0,0.8098756435271163,0.8023499011993408
725,poly,300,sigmoid,0.05,2.0,0.6925315592750182,0.841041374206543
726,poly,500,rbf,0.05,2.0,0.8404358353510896,1.4338704586029052
727,poly,500,linear,0.05,2.0,0.8137591386727474,1.063366746902466
728,poly,500,sigmoid,0.05,2.0,0.6939819929946637,1.1121708393096923
729,poly,700,rbf,0.05,2.0,0.8394661369566749,1.9815680980682373
730,poly,700,linear,0.05,2.0,0.8142398739979783,1.460547685623169
731,poly,700,sigmoid,0.05,2.0,0.6944627283198948,1.4842974185943603
732,poly,1000,rbf,0.05,2.0,0.8394649615646819,2.790961217880249
733,poly,1000,linear,0.05,2.0,0.8161780953948142,2.0005892276763917
734,poly,1000,sigmoid,0.05,2.0,0.6934883283575073,2.0935911655426027
735,poly,2000,rbf,0.05,2.0,0.8380098262770634,4.441990661621094
736,poly,2000,linear,0.05,2.0,0.8171466183972355,3.18312611579895
737,poly,2000,sigmoid,0.05,2.0,0.6968816850419615,3.2891210079193116
738,poly,100,rbf,0.03,3.0,0.8399539246338653,0.7334324359893799
739,poly,100,linear,0.03,3.0,0.7914537248172266,0.6919504642486572
740,poly,100,sigmoid,0.03,3.0,0.6110463339523731,0.6630459308624268
741,poly,300,rbf,0.03,3.0,0.8360727802722208,1.0251478195190429
742,poly,300,linear,0.03,3.0,0.8132666494275842,0.8309204578399658
743,poly,300,sigmoid,0.03,3.0,0.6357812830578998,0.8631197929382324
744,poly,500,rbf,0.03,3.0,0.8326782481957732,1.405560302734375
745,poly,500,linear,0.03,3.0,0.8181221937516161,1.1170006275177002
746,poly,500,sigmoid,0.03,3.0,0.640140811960789,1.1408343315124512
747,poly,700,rbf,0.03,3.0,0.8331625096969839,1.906906747817993
748,poly,700,linear,0.03,3.0,0.8210242365829004,1.4889512062072754
749,poly,700,sigmoid,0.03,3.0,0.6430499071440325,1.5264175415039063
750,poly,1000,rbf,0.03,3.0,0.8336479465901878,2.6536584854125977
751,poly,1000,linear,0.03,3.0,0.8239368579421237,2.0480626106262205
752,poly,1000,sigmoid,0.03,3.0,0.6483873621852888,2.123040246963501
753,poly,2000,rbf,0.03,3.0,0.8312242883001482,3.879299688339233
754,poly,2000,linear,0.03,3.0,0.8258809562989257,2.9443760395050047
755,poly,2000,sigmoid,0.03,3.0,0.6478995745080984,2.97192268371582
756,poly,100,rbf,0.03222222222222222,3.0,0.8399539246338653,0.7372770309448242
757,poly,100,linear,0.03222222222222222,3.0,0.7914537248172266,0.6937227249145508
758,poly,100,sigmoid,0.03222222222222222,3.0,0.6110463339523731,0.6597752571105957
759,poly,300,rbf,0.03222222222222222,3.0,0.8360727802722208,1.0349906921386718
760,poly,300,linear,0.03222222222222222,3.0,0.8127823879263735,0.8485969066619873
761,poly,300,sigmoid,0.03222222222222222,3.0,0.6357812830578998,0.8713004112243652
762,poly,500,rbf,0.03222222222222222,3.0,0.8326782481957732,1.406799554824829
763,poly,500,linear,0.03222222222222222,3.0,0.81860763064482,1.1283474922180177
764,poly,500,sigmoid,0.03222222222222222,3.0,0.6391699381743811,1.1504874229431152
765,poly,700,rbf,0.03222222222222222,3.0,0.8331625096969839,1.9134187698364258
766,poly,700,linear,0.03222222222222222,3.0,0.8219939349773149,1.477450466156006
767,poly,700,sigmoid,0.03222222222222222,3.0,0.642080208749618,1.526926374435425
768,poly,1000,rbf,0.03222222222222222,3.0,0.8331636850889771,2.6722193241119383
769,poly,1000,linear,0.03222222222222222,3.0,0.8239368579421237,2.0480417728424074
770,poly,1000,sigmoid,0.03222222222222222,3.0,0.647901925292085,2.116606664657593
771,poly,2000,rbf,0.03222222222222222,3.0,0.8321928113025694,3.9061849117279053
772,poly,2000,linear,0.03222222222222222,3.0,0.8268494793013469,2.931247425079346
773,poly,2000,sigmoid,0.03222222222222222,3.0,0.6478995745080984,3.0201539039611816
774,poly,100,rbf,0.034444444444444444,3.0,0.8399539246338653,0.7374804019927979
775,poly,100,linear,0.034444444444444444,3.0,0.7914537248172266,0.688060188293457
776,poly,100,sigmoid,0.034444444444444444,3.0,0.6110463339523731,0.6597376346588135
777,poly,300,rbf,0.034444444444444444,3.0,0.8360727802722208,1.033616018295288
778,poly,300,linear,0.034444444444444444,3.0,0.8127823879263735,0.8469320774078369
779,poly,300,sigmoid,0.034444444444444444,3.0,0.6362655445591106,0.8738315582275391
780,poly,500,rbf,0.034444444444444444,3.0,0.8326782481957732,1.4203878879547118
781,poly,500,linear,0.034444444444444444,3.0,0.81860763064482,1.094455623626709
782,poly,500,sigmoid,0.034444444444444444,3.0,0.6352899692047298,1.182174015045166
783,poly,700,rbf,0.034444444444444444,3.0,0.8331625096969839,1.9112005710601807
784,poly,700,linear,0.034444444444444444,3.0,0.8215084980841111,1.4638364791870118
785,poly,700,sigmoid,0.034444444444444444,3.0,0.6415935964644209,1.5695672988891602
786,poly,1000,rbf,0.034444444444444444,3.0,0.8331636850889771,2.686244344711304
787,poly,1000,linear,0.034444444444444444,3.0,0.8239368579421237,2.087671661376953
788,poly,1000,sigmoid,0.034444444444444444,3.0,0.6469310515056772,2.1251004695892335
789,poly,2000,rbf,0.034444444444444444,3.0,0.8321928113025694,3.8746880531311034
790,poly,2000,linear,0.034444444444444444,3.0,0.8268494793013469,2.943570852279663
791,poly,2000,sigmoid,0.034444444444444444,3.0,0.6469298761136839,2.9882909774780275
792,poly,100,rbf,0.03666666666666667,3.0,0.8399539246338653,0.7498456001281738
793,poly,100,linear,0.03666666666666667,3.0,0.7919391617104304,0.7156816482543945
794,poly,100,sigmoid,0.03666666666666667,3.0,0.6105620724511625,0.6667433738708496
795,poly,300,rbf,0.03666666666666667,3.0,0.8360727802722208,1.0342082023620605
796,poly,300,linear,0.03666666666666667,3.0,0.8127823879263735,0.8466931343078613
797,poly,300,sigmoid,0.03666666666666667,3.0,0.6362655445591106,0.8794177055358887
798,poly,500,rbf,0.03666666666666667,3.0,0.8326782481957732,1.4296512126922607
799,poly,500,linear,0.03666666666666667,3.0,0.81860763064482,1.1059864997863769
800,poly,500,sigmoid,0.03666666666666667,3.0,0.6352899692047298,1.1424173831939697
801,poly,700,rbf,0.03666666666666667,3.0,0.8331625096969839,1.9132607936859132
802,poly,700,linear,0.03666666666666667,3.0,0.8215084980841111,1.471186590194702
803,poly,700,sigmoid,0.03666666666666667,3.0,0.6415935964644209,1.529956865310669
804,poly,1000,rbf,0.03666666666666667,3.0,0.8331636850889771,2.7134280681610106
805,poly,1000,linear,0.03666666666666667,3.0,0.8239368579421237,2.088570165634155
806,poly,1000,sigmoid,0.03666666666666667,3.0,0.6469310515056772,2.126897668838501
807,poly,2000,rbf,0.03666666666666667,3.0,0.8321928113025694,3.8658880233764648
808,poly,2000,linear,0.03666666666666667,3.0,0.8268494793013469,2.869951677322388
809,poly,2000,sigmoid,0.03666666666666667,3.0,0.6469298761136839,2.9213001251220705
810,poly,100,rbf,0.03888888888888889,3.0,0.8399539246338653,0.7384535312652588
811,poly,100,linear,0.03888888888888889,3.0,0.7914537248172266,0.6940112590789795
812,poly,100,sigmoid,0.03888888888888889,3.0,0.6105620724511625,0.6592566013336182
813,poly,300,rbf,0.03888888888888889,3.0,0.8360727802722208,1.0288497447967528
814,poly,300,linear,0.03888888888888889,3.0,0.8127823879263735,0.8431324481964111
815,poly,300,sigmoid,0.03888888888888889,3.0,0.6362655445591106,0.87728271484375
816,poly,500,rbf,0.03888888888888889,3.0,0.8326782481957732,1.42252779006958
817,poly,500,linear,0.03888888888888889,3.0,0.81860763064482,1.0938185214996339
818,poly,500,sigmoid,0.03888888888888889,3.0,0.6357777568819201,1.1369412422180176
819,poly,700,rbf,0.03888888888888889,3.0,0.8331625096969839,1.944113063812256
820,poly,700,linear,0.03888888888888889,3.0,0.8215084980841111,1.481652307510376
821,poly,700,sigmoid,0.03888888888888889,3.0,0.6415935964644209,1.5427371501922607
822,poly,1000,rbf,0.03888888888888889,3.0,0.8331636850889771,2.6870036125183105
823,poly,1000,linear,0.03888888888888889,3.0,0.8239368579421237,2.0519105434417724
824,poly,1000,sigmoid,0.03888888888888889,3.0,0.6469310515056772,2.104545497894287
825,poly,2000,rbf,0.03888888888888889,3.0,0.8321928113025694,3.8290399074554444
826,poly,2000,linear,0.03888888888888889,3.0,0.8273349161945507,2.8746649265289306
827,poly,2000,sigmoid,0.03888888888888889,3.0,0.6464456146124732,2.943174886703491
828,poly,100,rbf,0.04111111111111111,3.0,0.8399539246338653,0.7510686397552491
829,poly,100,linear,0.04111111111111111,3.0,0.7919391617104304,0.7011224746704101
830,poly,100,sigmoid,0.04111111111111111,3.0,0.6105620724511625,0.6824221611022949
831,poly,300,rbf,0.04111111111111111,3.0,0.8360727802722208,1.0354062080383302
832,poly,300,linear,0.04111111111111111,3.0,0.8127823879263735,0.8517066478729248
833,poly,300,sigmoid,0.04111111111111111,3.0,0.6357812830578998,0.8745140552520752
834,poly,500,rbf,0.04111111111111111,3.0,0.8326782481957732,1.4124275207519532
835,poly,500,linear,0.04111111111111111,3.0,0.81860763064482,1.091559648513794
836,poly,500,sigmoid,0.04111111111111111,3.0,0.6357777568819201,1.1503361225128175
837,poly,700,rbf,0.04111111111111111,3.0,0.8331625096969839,1.905071783065796
838,poly,700,linear,0.04111111111111111,3.0,0.8215084980841111,1.4578113555908203
839,poly,700,sigmoid,0.04111111111111111,3.0,0.6420790333576247,1.5100883960723877
840,poly,1000,rbf,0.04111111111111111,3.0,0.8331636850889771,2.6563735485076903
841,poly,1000,linear,0.04111111111111111,3.0,0.8239368579421237,2.070885515213013
842,poly,1000,sigmoid,0.04111111111111111,3.0,0.6469310515056772,2.0910207271575927
843,poly,2000,rbf,0.04111111111111111,3.0,0.8321928113025694,3.84728102684021
844,poly,2000,linear,0.04111111111111111,3.0,0.8273349161945507,2.8866920948028563
845,poly,2000,sigmoid,0.04111111111111111,3.0,0.645477091610052,2.9305559158325196
846,poly,100,rbf,0.043333333333333335,3.0,0.8399539246338653,0.7324805736541748
847,poly,100,linear,0.043333333333333335,3.0,0.7919391617104304,0.6977494239807129
848,poly,100,sigmoid,0.043333333333333335,3.0,0.6105620724511625,0.6519062519073486
849,poly,300,rbf,0.043333333333333335,3.0,0.8360727802722208,1.0139822006225585
850,poly,300,linear,0.043333333333333335,3.0,0.8127823879263735,0.8287690639495849
851,poly,300,sigmoid,0.043333333333333335,3.0,0.6357812830578998,0.8620797157287597
852,poly,500,rbf,0.043333333333333335,3.0,0.8326782481957732,1.4044732093811034
853,poly,500,linear,0.043333333333333335,3.0,0.81860763064482,1.0894150733947754
854,poly,500,sigmoid,0.043333333333333335,3.0,0.6357777568819201,1.1537377834320068
855,poly,700,rbf,0.043333333333333335,3.0,0.8331625096969839,1.9048264980316163
856,poly,700,linear,0.043333333333333335,3.0,0.8215084980841111,1.4578904628753662
857,poly,700,sigmoid,0.043333333333333335,3.0,0.6449916547168482,1.5362821578979493
858,poly,1000,rbf,0.043333333333333335,3.0,0.8331636850889771,2.6775773048400877
859,poly,1000,linear,0.043333333333333335,3.0,0.8244211194433344,2.0590436458587646
860,poly,1000,sigmoid,0.043333333333333335,3.0,0.6469310515056772,2.1119038581848146
861,poly,2000,rbf,0.043333333333333335,3.0,0.8321928113025694,3.921486568450928
862,poly,2000,linear,0.043333333333333335,3.0,0.8273349161945507,2.9437650203704835
863,poly,2000,sigmoid,0.043333333333333335,3.0,0.6459613531112627,2.970695734024048
864,poly,100,rbf,0.04555555555555556,3.0,0.8399539246338653,0.7379967212677002
865,poly,100,linear,0.04555555555555556,3.0,0.7919391617104304,0.6990879535675049
866,poly,100,sigmoid,0.04555555555555556,3.0,0.6105620724511625,0.6807755947113037
867,poly,300,rbf,0.04555555555555556,3.0,0.8360727802722208,1.0349646091461182
868,poly,300,linear,0.04555555555555556,3.0,0.8132678248195774,0.8388803482055665
869,poly,300,sigmoid,0.04555555555555556,3.0,0.6357812830578998,0.8838665962219239
870,poly,500,rbf,0.04555555555555556,3.0,0.8326782481957732,1.413192081451416
871,poly,500,linear,0.04555555555555556,3.0,0.81860763064482,1.109423828125
872,poly,500,sigmoid,0.04555555555555556,3.0,0.6348068830955124,1.1409045219421388
873,poly,700,rbf,0.04555555555555556,3.0,0.8331625096969839,1.907287073135376
874,poly,700,linear,0.04555555555555556,3.0,0.8215084980841111,1.4612727165222168
875,poly,700,sigmoid,0.04555555555555556,3.0,0.6445062178236443,1.5351152420043945
876,poly,1000,rbf,0.04555555555555556,3.0,0.8331636850889771,2.684358501434326
877,poly,1000,linear,0.04555555555555556,3.0,0.8244211194433344,2.0686713218688966
878,poly,1000,sigmoid,0.04555555555555556,3.0,0.6474164883988811,2.1205020427703856
879,poly,2000,rbf,0.04555555555555556,3.0,0.8321928113025694,3.896683406829834
880,poly,2000,linear,0.04555555555555556,3.0,0.8273349161945507,2.9163207054138183
881,poly,2000,sigmoid,0.04555555555555556,3.0,0.6459613531112627,2.9794952869415283
882,poly,100,rbf,0.04777777777777778,3.0,0.8399539246338653,0.7528420448303222
883,poly,100,linear,0.04777777777777778,3.0,0.7919391617104304,0.6964146137237549
884,poly,100,sigmoid,0.04777777777777778,3.0,0.6105620724511625,0.6790531158447266
885,poly,300,rbf,0.04777777777777778,3.0,0.8360727802722208,1.0343008518218995
886,poly,300,linear,0.04777777777777778,3.0,0.8127823879263735,0.8393401145935059
887,poly,300,sigmoid,0.04777777777777778,3.0,0.6357812830578998,0.8914692401885986
888,poly,500,rbf,0.04777777777777778,3.0,0.8326782481957732,1.4235971927642823
889,poly,500,linear,0.04777777777777778,3.0,0.81860763064482,1.0984315395355224
890,poly,500,sigmoid,0.04777777777777778,3.0,0.6348068830955124,1.1347359657287597
891,poly,700,rbf,0.04777777777777778,3.0,0.8331625096969839,1.9476635456085205
892,poly,700,linear,0.04777777777777778,3.0,0.8215084980841111,1.4640326023101806
893,poly,700,sigmoid,0.04777777777777778,3.0,0.6445062178236443,1.506059217453003
894,poly,1000,rbf,0.04777777777777778,3.0,0.8331636850889771,2.6675974845886232
895,poly,1000,linear,0.04777777777777778,3.0,0.8244211194433344,2.066182327270508
896,poly,1000,sigmoid,0.04777777777777778,3.0,0.6474164883988811,2.1010272979736326
897,poly,2000,rbf,0.04777777777777778,3.0,0.8321928113025694,3.8586326599121095
898,poly,2000,linear,0.04777777777777778,3.0,0.8273349161945507,2.9427616119384767
899,poly,2000,sigmoid,0.04777777777777778,3.0,0.6454759162180588,3.031232786178589
900,poly,100,rbf,0.05,3.0,0.8399539246338653,0.7698392868041992
901,poly,100,linear,0.05,3.0,0.7919391617104304,0.7024029731750489
902,poly,100,sigmoid,0.05,3.0,0.6105620724511625,0.6970812797546386
903,poly,300,rbf,0.05,3.0,0.8360727802722208,1.0668736934661864
904,poly,300,linear,0.05,3.0,0.8132678248195774,0.8688869476318359
905,poly,300,sigmoid,0.05,3.0,0.6367521568443075,0.9172816753387452
906,poly,500,rbf,0.05,3.0,0.8326782481957732,1.452009630203247
907,poly,500,linear,0.05,3.0,0.81860763064482,1.11133770942688
908,poly,500,sigmoid,0.05,3.0,0.6348068830955124,1.1516921043395996
909,poly,700,rbf,0.05,3.0,0.8331625096969839,1.915705394744873
910,poly,700,linear,0.05,3.0,0.8215084980841111,1.4567311763763429
911,poly,700,sigmoid,0.05,3.0,0.6445062178236443,1.5522393226623534
912,poly,1000,rbf,0.05,3.0,0.8331636850889771,2.6556631565093993
913,poly,1000,linear,0.05,3.0,0.8244211194433344,2.0576026916503904
914,poly,1000,sigmoid,0.05,3.0,0.6474164883988811,2.1181787490844726
915,poly,2000,rbf,0.05,3.0,0.8321928113025694,3.829033136367798
916,poly,2000,linear,0.05,3.0,0.8273349161945507,2.8609596729278564
917,poly,2000,sigmoid,0.05,3.0,0.6454759162180588,2.9204555988311767
918,poly,100,rbf,0.03,5.0,0.8171618984931474,0.7097299098968506
919,poly,100,linear,0.03,5.0,0.7982474905380945,0.7076119422912598
920,poly,100,sigmoid,0.03,5.0,0.5232645337219963,0.679373025894165
921,poly,300,rbf,0.03,5.0,0.816192200098733,1.003179931640625
922,poly,300,linear,0.03,5.0,0.8137567878887608,0.8219475746154785
923,poly,300,sigmoid,0.03,5.0,0.542193046380968,0.8754048347473145
924,poly,500,rbf,0.03,5.0,0.8171666000611204,1.3641720771789552
925,poly,500,linear,0.03,5.0,0.824910082512518,1.1021000862121582
926,poly,500,sigmoid,0.03,5.0,0.5484896212886998,1.1600964069366455
927,poly,700,rbf,0.03,5.0,0.8166811631679165,1.8595416069030761
928,poly,700,linear,0.03,5.0,0.832181057382637,1.4668213367462157
929,poly,700,sigmoid,0.03,5.0,0.5509203319306988,1.549579668045044
930,poly,1000,rbf,0.03,5.0,0.8147394155951011,2.5738193511962892
931,poly,1000,linear,0.03,5.0,0.833147229601072,2.0671292304992677
932,poly,1000,sigmoid,0.03,5.0,0.5669197677425422,2.166100358963013
933,poly,2000,rbf,0.03,5.0,0.8118350219798302,3.676947593688965
934,poly,2000,linear,0.03,5.0,0.8331554573450246,2.972541570663452
935,poly,2000,sigmoid,0.03,5.0,0.5630480265168434,3.0700119018554686
936,poly,100,rbf,0.03222222222222222,5.0,0.8171618984931474,0.7392639636993408
937,poly,100,linear,0.03222222222222222,5.0,0.7982474905380945,0.7237814903259278
938,poly,100,sigmoid,0.03222222222222222,5.0,0.5232657091139894,0.6811261177062988
939,poly,300,rbf,0.03222222222222222,5.0,0.816192200098733,1.0063220024108888
940,poly,300,linear,0.03222222222222222,5.0,0.8137567878887608,0.8367199897766113
941,poly,300,sigmoid,0.03222222222222222,5.0,0.5426784832741719,0.9099164962768554
942,poly,500,rbf,0.03222222222222222,5.0,0.8171666000611204,1.3607450485229493
943,poly,500,linear,0.03222222222222222,5.0,0.824910082512518,1.1395491123199464
944,poly,500,sigmoid,0.03222222222222222,5.0,0.548490796680693,1.1757532119750977
945,poly,700,rbf,0.03222222222222222,5.0,0.8166811631679165,1.8471082687377929
946,poly,700,linear,0.03222222222222222,5.0,0.832181057382637,1.4592709064483642
947,poly,700,sigmoid,0.03222222222222222,5.0,0.550434895037495,1.5592968463897705
948,poly,1000,rbf,0.03222222222222222,5.0,0.8147394155951011,2.5264726638793946
949,poly,1000,linear,0.03222222222222222,5.0,0.8326617927078681,2.070032262802124
950,poly,1000,sigmoid,0.03222222222222222,5.0,0.5669197677425422,2.1654502868652346
951,poly,2000,rbf,0.03222222222222222,5.0,0.8157079385975223,3.678074026107788
952,poly,2000,linear,0.03222222222222222,5.0,0.8355791156350643,2.8929387092590333
953,poly,2000,sigmoid,0.03222222222222222,5.0,0.5635264110580879,3.0543316841125487
954,poly,100,rbf,0.034444444444444444,5.0,0.8171618984931474,0.7293075561523438
955,poly,100,linear,0.034444444444444444,5.0,0.7982474905380945,0.7090811729431152
956,poly,100,sigmoid,0.034444444444444444,5.0,0.5232657091139894,0.673557710647583
957,poly,300,rbf,0.034444444444444444,5.0,0.816192200098733,1.0060348987579346
958,poly,300,linear,0.034444444444444444,5.0,0.8142422247819647,0.8404114723205567
959,poly,300,sigmoid,0.034444444444444444,5.0,0.5426784832741719,0.8964677810668945
960,poly,500,rbf,0.034444444444444444,5.0,0.8171666000611204,1.3590202808380127
961,poly,500,linear,0.034444444444444444,5.0,0.824910082512518,1.1004026412963868
962,poly,500,sigmoid,0.034444444444444444,5.0,0.5494616704671007,1.183230495452881
963,poly,700,rbf,0.034444444444444444,5.0,0.8166811631679165,1.8368587493896484
964,poly,700,linear,0.034444444444444444,5.0,0.832181057382637,1.4720982551574706
965,poly,700,sigmoid,0.034444444444444444,5.0,0.5499506335362843,1.5653712749481201
966,poly,1000,rbf,0.034444444444444444,5.0,0.8147394155951011,2.5591254234313965
967,poly,1000,linear,0.034444444444444444,5.0,0.8326617927078681,2.0954855918884276
968,poly,1000,sigmoid,0.034444444444444444,5.0,0.5659500693481275,2.140625810623169
969,poly,2000,rbf,0.034444444444444444,5.0,0.8152236770963116,3.6873167991638183
970,poly,2000,linear,0.034444444444444444,5.0,0.8346082418486566,2.9714892864227296
971,poly,2000,sigmoid,0.034444444444444444,5.0,0.5644972848444956,3.0934447765350344
972,poly,100,rbf,0.03666666666666667,5.0,0.8171618984931474,0.7287584781646729
973,poly,100,linear,0.03666666666666667,5.0,0.7987329274312984,0.7247174263000489
974,poly,100,sigmoid,0.03666666666666667,5.0,0.5227814476127789,0.6671146392822266
975,poly,300,rbf,0.03666666666666667,5.0,0.816192200098733,0.9946497440338135
976,poly,300,linear,0.03666666666666667,5.0,0.8137567878887608,0.8409079074859619
977,poly,300,sigmoid,0.03666666666666667,5.0,0.5421942217729613,0.8928195476531983
978,poly,500,rbf,0.03666666666666667,5.0,0.8171666000611204,1.364022922515869
979,poly,500,linear,0.03666666666666667,5.0,0.824910082512518,1.1049063205718994
980,poly,500,sigmoid,0.03666666666666667,5.0,0.5480053597874891,1.186153507232666
981,poly,700,rbf,0.03666666666666667,5.0,0.8166811631679165,1.8585673332214356
982,poly,700,linear,0.03666666666666667,5.0,0.832181057382637,1.4688827991485596
983,poly,700,sigmoid,0.03666666666666667,5.0,0.5494651966430804,1.5432963371276855
984,poly,1000,rbf,0.03666666666666667,5.0,0.8147394155951011,2.580513906478882
985,poly,1000,linear,0.03666666666666667,5.0,0.8326617927078681,2.065809392929077
986,poly,1000,sigmoid,0.03666666666666667,5.0,0.5664355062413314,2.1543375492095946
987,poly,2000,rbf,0.03666666666666667,5.0,0.8152236770963116,3.6395906448364257
988,poly,2000,linear,0.03666666666666667,5.0,0.8341239803474461,2.9023749828338623
989,poly,2000,sigmoid,0.03666666666666667,5.0,0.5635264110580879,3.0230690479278564
990,poly,100,rbf,0.03888888888888889,5.0,0.8171618984931474,0.7151850700378418
991,poly,100,linear,0.03888888888888889,5.0,0.7987329274312984,0.7054530143737793
992,poly,100,sigmoid,0.03888888888888889,5.0,0.5222960107195751,0.6640760421752929
993,poly,300,rbf,0.03888888888888889,5.0,0.816192200098733,1.0020377159118652
994,poly,300,linear,0.03888888888888889,5.0,0.8142410493899715,0.8481293201446534
995,poly,300,sigmoid,0.03888888888888889,5.0,0.5431627447753826,0.8947665691375732
996,poly,500,rbf,0.03888888888888889,5.0,0.8171666000611204,1.362050437927246
997,poly,500,linear,0.03888888888888889,5.0,0.824910082512518,1.1139073371887207
998,poly,500,sigmoid,0.03888888888888889,5.0,0.5494616704671007,1.1805500507354736
999,poly,700,rbf,0.03888888888888889,5.0,0.8166811631679165,1.831932258605957
1000,poly,700,linear,0.03888888888888889,5.0,0.832181057382637,1.4856339931488036
1001,poly,700,sigmoid,0.03888888888888889,5.0,0.548490796680693,1.5481527328491211
1002,poly,1000,rbf,0.03888888888888889,5.0,0.8147394155951011,2.560451793670654
1003,poly,1000,linear,0.03888888888888889,5.0,0.8326617927078681,2.0804555892944334
1004,poly,1000,sigmoid,0.03888888888888889,5.0,0.5664355062413314,2.172531509399414
1005,poly,2000,rbf,0.03888888888888889,5.0,0.8152236770963116,3.6738069534301756
1006,poly,2000,linear,0.03888888888888889,5.0,0.8336397188462353,2.9426307678222656
1007,poly,2000,sigmoid,0.03888888888888889,5.0,0.5635264110580879,3.1279410839080812
1008,poly,100,rbf,0.04111111111111111,5.0,0.8171618984931474,0.7215145587921142
1009,poly,100,linear,0.04111111111111111,5.0,0.7987329274312984,0.7084800720214843
1010,poly,100,sigmoid,0.04111111111111111,5.0,0.5218105738263711,0.6607179164886474
1011,poly,300,rbf,0.04111111111111111,5.0,0.816192200098733,0.996798038482666
1012,poly,300,linear,0.04111111111111111,5.0,0.8147264862831755,0.8479024410247803
1013,poly,300,sigmoid,0.04111111111111111,5.0,0.5421918709889748,0.882647180557251
1014,poly,500,rbf,0.04111111111111111,5.0,0.8171666000611204,1.362583827972412
1015,poly,500,linear,0.04111111111111111,5.0,0.824910082512518,1.0978164196014404
1016,poly,500,sigmoid,0.04111111111111111,5.0,0.5484907966806929,1.1657080173492431
1017,poly,700,rbf,0.04111111111111111,5.0,0.8166811631679165,1.830898380279541
1018,poly,700,linear,0.04111111111111111,5.0,0.832181057382637,1.4787835121154784
1019,poly,700,sigmoid,0.04111111111111111,5.0,0.548490796680693,1.568881893157959
1020,poly,1000,rbf,0.04111111111111111,5.0,0.8147394155951011,2.563660717010498
1021,poly,1000,linear,0.04111111111111111,5.0,0.8326617927078681,2.0564831256866456
1022,poly,1000,sigmoid,0.04111111111111111,5.0,0.5664355062413314,2.198278570175171
1023,poly,2000,rbf,0.04111111111111111,5.0,0.8152236770963116,3.6485517978668214
1024,poly,2000,linear,0.04111111111111111,5.0,0.8336397188462353,2.9105565547943115
1025,poly,2000,sigmoid,0.04111111111111111,5.0,0.5630421495568771,3.03318305015564
1026,poly,100,rbf,0.043333333333333335,5.0,0.8171618984931474,0.7190773010253906
1027,poly,100,linear,0.043333333333333335,5.0,0.7987329274312984,0.7127904415130615
1028,poly,100,sigmoid,0.043333333333333335,5.0,0.5218105738263711,0.6619375228881836
1029,poly,300,rbf,0.043333333333333335,5.0,0.8157067632055292,0.9999848365783691
1030,poly,300,linear,0.043333333333333335,5.0,0.8142410493899715,0.8464126586914062
1031,poly,300,sigmoid,0.043333333333333335,5.0,0.5421918709889748,0.9049528121948243
1032,poly,500,rbf,0.043333333333333335,5.0,0.8171666000611204,1.3503724098205567
1033,poly,500,linear,0.043333333333333335,5.0,0.8244246456193141,1.0901790618896485
1034,poly,500,sigmoid,0.043333333333333335,5.0,0.5489762335738968,1.1834988594055176
1035,poly,700,rbf,0.043333333333333335,5.0,0.8161957262747126,1.850563907623291
1036,poly,700,linear,0.043333333333333335,5.0,0.832181057382637,1.4937187671661376
1037,poly,700,sigmoid,0.043333333333333335,5.0,0.548490796680693,1.5610225677490235
1038,poly,1000,rbf,0.043333333333333335,5.0,0.8147394155951011,2.5573287487030028
1039,poly,1000,linear,0.043333333333333335,5.0,0.8326617927078681,2.0739410877227784
1040,poly,1000,sigmoid,0.043333333333333335,5.0,0.5654669832389102,2.229904842376709
1041,poly,2000,rbf,0.043333333333333335,5.0,0.8152236770963116,3.7283003330230713
1042,poly,2000,linear,0.043333333333333335,5.0,0.8336397188462353,2.927634572982788
1043,poly,2000,sigmoid,0.043333333333333335,5.0,0.5620712757704694,3.050258684158325
1044,poly,100,rbf,0.04555555555555556,5.0,0.8171618984931474,0.7539283275604248
1045,poly,100,linear,0.04555555555555556,5.0,0.7987329274312984,0.7190743923187256
1046,poly,100,sigmoid,0.04555555555555556,5.0,0.5218105738263711,0.6717633724212646
1047,poly,300,rbf,0.04555555555555556,5.0,0.8157067632055292,1.00622501373291
1048,poly,300,linear,0.04555555555555556,5.0,0.8147264862831755,0.8430335998535157
1049,poly,300,sigmoid,0.04555555555555556,5.0,0.5421918709889748,0.9030003547668457
1050,poly,500,rbf,0.04555555555555556,5.0,0.8166811631679165,1.3606378555297851
1051,poly,500,linear,0.04555555555555556,5.0,0.8244246456193141,1.0916312217712403
1052,poly,500,sigmoid,0.04555555555555556,5.0,0.5489762335738968,1.2024646282196045
1053,poly,700,rbf,0.04555555555555556,5.0,0.8161957262747126,1.8479836463928223
1054,poly,700,linear,0.04555555555555556,5.0,0.832181057382637,1.4767300128936767
1055,poly,700,sigmoid,0.04555555555555556,5.0,0.548490796680693,1.5498954772949218
1056,poly,1000,rbf,0.04555555555555556,5.0,0.8147394155951011,2.5441986560821532
1057,poly,1000,linear,0.04555555555555556,5.0,0.833147229601072,2.0577110290527343
1058,poly,1000,sigmoid,0.04555555555555556,5.0,0.5654669832389102,2.178324031829834
1059,poly,2000,rbf,0.04555555555555556,5.0,0.8147394155951011,3.64646315574646
1060,poly,2000,linear,0.04555555555555556,5.0,0.8350925033498673,2.9000999450683596
1061,poly,2000,sigmoid,0.04555555555555556,5.0,0.5615870142692587,3.0083295822143556
1062,poly,100,rbf,0.04777777777777778,5.0,0.8171618984931474,0.7329925537109375
1063,poly,100,linear,0.04777777777777778,5.0,0.7987329274312984,0.7093335628509522
1064,poly,100,sigmoid,0.04777777777777778,5.0,0.5218105738263711,0.6617371559143066
1065,poly,300,rbf,0.04777777777777778,5.0,0.8157067632055292,0.9902387619018554
1066,poly,300,linear,0.04777777777777778,5.0,0.8142410493899715,0.8377188205718994
1067,poly,300,sigmoid,0.04777777777777778,5.0,0.5421918709889748,0.8983201026916504
1068,poly,500,rbf,0.04777777777777778,5.0,0.8166811631679165,1.345810604095459
1069,poly,500,linear,0.04777777777777778,5.0,0.8244246456193141,1.0950713634490967
1070,poly,500,sigmoid,0.04777777777777778,5.0,0.5489762335738968,1.1786194801330567
1071,poly,700,rbf,0.04777777777777778,5.0,0.8161957262747126,1.8397751331329346
1072,poly,700,linear,0.04777777777777778,5.0,0.832181057382637,1.4611613750457764
1073,poly,700,sigmoid,0.04777777777777778,5.0,0.5489750581819036,1.5549874305725098
1074,poly,1000,rbf,0.04777777777777778,5.0,0.8147394155951011,2.5652998447418214
1075,poly,1000,linear,0.04777777777777778,5.0,0.833147229601072,2.0549634456634522
1076,poly,1000,sigmoid,0.04777777777777778,5.0,0.5635252356660946,2.1874762535095216
1077,poly,2000,rbf,0.04777777777777778,5.0,0.8142528033099039,3.704436922073364
1078,poly,2000,linear,0.04777777777777778,5.0,0.8336397188462353,2.9446881771087647
1079,poly,2000,sigmoid,0.04777777777777778,5.0,0.5615858388772657,3.0651520252227784
1080,poly,100,rbf,0.05,5.0,0.8171618984931474,0.7479008674621582
1081,poly,100,linear,0.05,5.0,0.7987329274312984,0.7199491500854492
1082,poly,100,sigmoid,0.05,5.0,0.5218105738263711,0.6696386814117432
1083,poly,300,rbf,0.05,5.0,0.8152225017043184,1.0021790504455566
1084,poly,300,linear,0.05,5.0,0.8147264862831755,0.8708869457244873
1085,poly,300,sigmoid,0.05,5.0,0.5421918709889748,0.9005927562713623
1086,poly,500,rbf,0.05,5.0,0.8161957262747126,1.3496254444122315
1087,poly,500,linear,0.05,5.0,0.8244246456193141,1.099414300918579
1088,poly,500,sigmoid,0.05,5.0,0.5484907966806929,1.183119535446167
1089,poly,700,rbf,0.05,5.0,0.8161957262747126,1.852949571609497
1090,poly,700,linear,0.05,5.0,0.832181057382637,1.4682209014892578
1091,poly,700,sigmoid,0.05,5.0,0.5489750581819036,1.5726074695587158
1092,poly,1000,rbf,0.05,5.0,0.8142551540938904,2.562102937698364
1093,poly,1000,linear,0.05,5.0,0.8326617927078681,2.0468826293945312
1094,poly,1000,sigmoid,0.05,5.0,0.5630397987728907,2.1654818058013916
1095,poly,2000,rbf,0.05,5.0,0.8084381391193963,3.6430837154388427
1096,poly,2000,linear,0.05,5.0,0.8331542819530313,2.912243938446045
1097,poly,2000,sigmoid,0.05,5.0,0.5620712757704694,3.0551812171936037
